Date,SHY
2020-01-02,72.45372009277344
2020-01-03,72.51361083984375
2020-01-06,72.48793029785156
2020-01-07,72.48793029785156
2020-01-08,72.45372009277344
2020-01-09,72.4622802734375
2020-01-10,72.47935485839844
2020-01-13,72.47083282470703
2020-01-14,72.47935485839844
2020-01-15,72.51361083984375
2020-01-16,72.51361083984375
2020-01-17,72.53927612304688
2020-01-21,72.55636596679688
2020-01-22,72.57350158691406
2020-01-23,72.59918212890625
2020-01-24,72.6248779296875
2020-01-27,72.70185089111328
2020-01-28,72.66764068603516
2020-01-29,72.7361068725586
2020-01-30,72.7446517944336
2020-01-31,72.8387680053711
2020-02-03,72.81741333007812
2020-02-04,72.74021911621094
2020-02-05,72.6888198852539
2020-02-06,72.70596313476562
2020-02-07,72.7488021850586
2020-02-10,72.78306579589844
2020-02-11,72.7488021850586
2020-02-12,72.7145004272461
2020-02-13,72.73167419433594
2020-02-14,72.76597595214844
2020-02-18,72.79167175292969
2020-02-19,72.80021667480469
2020-02-20,72.81741333007812
2020-02-21,72.87732696533203
2020-02-24,72.99736022949219
2020-02-25,73.0744400024414
2020-02-26,73.12589263916016
2020-02-27,73.21160125732422
2020-02-28,73.47730255126953
2020-03-02,73.44727325439453
2020-03-03,73.73912811279297
2020-03-04,73.74767303466797
2020-03-05,73.90216827392578
2020-03-06,73.98802947998047
2020-03-09,74.39141845703125
2020-03-10,74.06523895263672
2020-03-11,73.97945404052734
2020-03-12,73.96227264404297
2020-03-13,74.05668640136719
2020-03-16,74.17687225341797
2020-03-17,74.00517272949219
2020-03-18,73.9107666015625
2020-03-19,74.03954315185547
2020-03-20,74.2369384765625
2020-03-23,74.3227767944336
2020-03-24,74.21976470947266
2020-03-25,74.30561065673828
2020-03-26,74.39141845703125
2020-03-27,74.37427520751953
2020-03-30,74.40863037109375
2020-03-31,74.39141845703125
2020-04-01,74.43958282470703
2020-04-02,74.45672607421875
2020-04-03,74.43958282470703
2020-04-06,74.38800048828125
2020-04-07,74.37080383300781
2020-04-08,74.41380310058594
2020-04-09,74.43958282470703
2020-04-13,74.44818878173828
2020-04-14,74.44818878173828
2020-04-15,74.4738998413086
2020-04-16,74.4911117553711
2020-04-17,74.4653549194336
2020-04-20,74.4653549194336
2020-04-21,74.4825210571289
2020-04-22,74.45672607421875
2020-04-23,74.44818878173828
2020-04-24,74.44818878173828
2020-04-27,74.44818878173828
2020-04-28,74.4738998413086
2020-04-29,74.4653549194336
2020-04-30,74.59425354003906
2020-05-01,74.48416900634766
2020-05-04,74.48416900634766
2020-05-05,74.47557067871094
2020-05-06,74.50135803222656
2020-05-07,74.55296325683594
2020-05-08,74.53572082519531
2020-05-11,74.50996398925781
2020-05-12,74.52714538574219
2020-05-13,74.52714538574219
2020-05-14,74.50996398925781
2020-05-15,74.55296325683594
2020-05-18,74.4927978515625
2020-05-19,74.53572082519531
2020-05-20,74.53572082519531
2020-05-21,74.51852416992188
2020-05-22,74.51852416992188
2020-05-26,74.51852416992188
2020-05-27,74.50135803222656
2020-05-28,74.53572082519531
2020-05-29,74.53572082519531
2020-06-01,74.52713012695312
2020-06-02,74.52713012695312
2020-06-03,74.4669418334961
2020-06-04,74.48411560058594
2020-06-05,74.4582748413086
2020-06-08,74.44110870361328
2020-06-09,74.4669418334961
2020-06-10,74.50994110107422
2020-06-11,74.47552490234375
2020-06-12,74.50132751464844
2020-06-15,74.48411560058594
2020-06-16,74.47552490234375
2020-06-17,74.50132751464844
2020-06-18,74.49275970458984
2020-06-19,74.50994110107422
2020-06-22,74.49275970458984
2020-06-23,74.50994110107422
2020-06-24,74.51851654052734
2020-06-25,74.51851654052734
2020-06-26,74.54436492919922
2020-06-29,74.56163024902344
2020-06-30,74.55298614501953
2020-07-01,74.52802276611328
2020-07-02,74.56244659423828
2020-07-06,74.5365982055664
2020-07-07,74.55384826660156
2020-07-08,74.55384826660156
2020-07-09,74.57106018066406
2020-07-10,74.54524230957031
2020-07-13,74.54524230957031
2020-07-14,74.55384826660156
2020-07-15,74.56244659423828
2020-07-16,74.56244659423828
2020-07-17,74.57965087890625
2020-07-20,74.56244659423828
2020-07-21,74.57965087890625
2020-07-22,74.57106018066406
2020-07-23,74.57106018066406
2020-07-24,74.57965087890625
2020-07-27,74.55384826660156
2020-07-28,74.57106018066406
2020-07-29,74.5882568359375
2020-07-30,74.61417388916016
2020-07-31,74.62275695800781
2020-08-03,74.62274932861328
2020-08-04,74.63133239746094
2020-08-05,74.61415100097656
2020-08-06,74.61415100097656
2020-08-07,74.60552215576172
2020-08-10,74.58826446533203
2020-08-11,74.571044921875
2020-08-12,74.55380249023438
2020-08-13,74.54517364501953
2020-08-14,74.55380249023438
2020-08-17,74.56242370605469
2020-08-18,74.571044921875
2020-08-19,74.571044921875
2020-08-20,74.571044921875
2020-08-21,74.56242370605469
2020-08-24,74.55380249023438
2020-08-25,74.56242370605469
2020-08-26,74.56242370605469
2020-08-27,74.55380249023438
2020-08-28,74.57964324951172
2020-08-31,74.60552215576172
2020-09-01,74.58739471435547
2020-09-02,74.59603118896484
2020-09-03,74.58739471435547
2020-09-04,74.56153869628906
2020-09-08,74.5701675415039
2020-09-09,74.57876586914062
2020-09-10,74.5701675415039
2020-09-11,74.58739471435547
2020-09-14,74.57876586914062
2020-09-15,74.58739471435547
2020-09-16,74.59603118896484
2020-09-17,74.57876586914062
2020-09-18,74.58739471435547
2020-09-21,74.57876586914062
2020-09-22,74.59603118896484
2020-09-23,74.59603118896484
2020-09-24,74.58739471435547
2020-09-25,74.59603118896484
2020-09-28,74.60466766357422
2020-09-29,74.59603118896484
2020-09-30,74.60466766357422
2020-10-01,74.58737182617188
2020-10-02,74.59603118896484
2020-10-05,74.57015228271484
2020-10-06,74.57015228271484
2020-10-07,74.5615234375
2020-10-08,74.5615234375
2020-10-09,74.5615234375
2020-10-12,74.5787353515625
2020-10-13,74.57015228271484
2020-10-14,74.57015228271484
2020-10-15,74.58737182617188
2020-10-16,74.5787353515625
2020-10-19,74.5787353515625
2020-10-20,74.57015228271484
2020-10-21,74.57015228271484
2020-10-22,74.5442886352539
2020-10-23,74.5528793334961
2020-10-26,74.5615234375
2020-10-27,74.5615234375
2020-10-28,74.5615234375
2020-10-29,74.5787353515625
2020-10-30,74.57015228271484
2020-11-02,74.56928253173828
2020-11-03,74.5520248413086
2020-11-04,74.56928253173828
2020-11-05,74.5520248413086
2020-11-06,74.56063079833984
2020-11-09,74.53475189208984
2020-11-10,74.52611541748047
2020-11-11,74.50886535644531
2020-11-12,74.5174789428711
2020-11-13,74.5174789428711
2020-11-16,74.53475189208984
2020-11-17,74.52611541748047
2020-11-18,74.52611541748047
2020-11-19,74.54339599609375
2020-11-20,74.5520248413086
2020-11-23,74.5520248413086
2020-11-24,74.56063079833984
2020-11-25,74.56928253173828
2020-11-27,74.56928253173828
2020-11-30,74.5865478515625
2020-12-01,74.54594421386719
2020-12-02,74.56322479248047
2020-12-03,74.58050537109375
2020-12-04,74.57185363769531
2020-12-07,74.58912658691406
2020-12-08,74.57185363769531
2020-12-09,74.56322479248047
2020-12-10,74.58050537109375
2020-12-11,74.62364959716797
2020-12-14,74.61502075195312
2020-12-15,74.61502075195312
2020-12-16,74.61502075195312
2020-12-17,74.61677551269531
2020-12-18,74.6081314086914
2020-12-21,74.6081314086914
2020-12-22,74.6081314086914
2020-12-23,74.62541198730469
2020-12-24,74.6081314086914
2020-12-28,74.61677551269531
2020-12-29,74.61677551269531
2020-12-30,74.62541198730469
2020-12-31,74.61677551269531
2021-01-04,74.62541198730469
2021-01-05,74.62541198730469
2021-01-06,74.58220672607422
2021-01-07,74.5994873046875
2021-01-08,74.59085083007812
2021-01-11,74.58220672607422
2021-01-12,74.58220672607422
2021-01-13,74.57353210449219
2021-01-14,74.58220672607422
2021-01-15,74.59085083007812
2021-01-19,74.61677551269531
2021-01-20,74.6081314086914
2021-01-21,74.61677551269531
2021-01-22,74.61677551269531
2021-01-25,74.62541198730469
2021-01-26,74.61677551269531
2021-01-27,74.61677551269531
2021-01-28,74.6081314086914
2021-01-29,74.63406372070312
2021-02-01,74.64268493652344
2021-02-02,74.61675262451172
2021-02-03,74.62539672851562
2021-02-04,74.62539672851562
2021-02-05,74.64268493652344
2021-02-08,74.63404083251953
2021-02-09,74.61675262451172
2021-02-10,74.62539672851562
2021-02-11,74.62539672851562
2021-02-12,74.63404083251953
2021-02-16,74.60810852050781
2021-02-17,74.62539672851562
2021-02-18,74.62539672851562
2021-02-19,74.63404083251953
2021-02-22,74.61675262451172
2021-02-23,74.62539672851562
2021-02-24,74.60810852050781
2021-02-25,74.49577331542969
2021-02-26,74.59083557128906
2021-03-01,74.58391571044922
2021-03-02,74.60120391845703
2021-03-03,74.55799102783203
2021-03-04,74.55799102783203
2021-03-05,74.55799102783203
2021-03-08,74.53204345703125
2021-03-09,74.53204345703125
2021-03-10,74.55799102783203
2021-03-11,74.55799102783203
2021-03-12,74.54934692382812
2021-03-15,74.55799102783203
2021-03-16,74.55799102783203
2021-03-17,74.57524871826172
2021-03-18,74.56659698486328
2021-03-19,74.56659698486328
2021-03-22,74.55799102783203
2021-03-23,74.56659698486328
2021-03-24,74.58391571044922
2021-03-25,74.59255981445312
2021-03-26,74.59255981445312
2021-03-29,74.57524871826172
2021-03-30,74.57524871826172
2021-03-31,74.54934692382812
2021-04-01,74.5484619140625
2021-04-05,74.53118896484375
2021-04-06,74.5484619140625
2021-04-07,74.55711364746094
2021-04-08,74.58306121826172
2021-04-09,74.55711364746094
2021-04-12,74.53983306884766
2021-04-13,74.5657958984375
2021-04-14,74.5657958984375
2021-04-15,74.58306121826172
2021-04-16,74.57441711425781
2021-04-19,74.5657958984375
2021-04-20,74.58306121826172
2021-04-21,74.6003646850586
2021-04-22,74.59171295166016
2021-04-23,74.57441711425781
2021-04-26,74.55711364746094
2021-04-27,74.5484619140625
2021-04-28,74.5657958984375
2021-04-29,74.58306121826172
2021-04-30,74.59171295166016
2021-05-03,74.58478546142578
2021-05-04,74.58478546142578
2021-05-05,74.60205078125
2021-05-06,74.60205078125
2021-05-07,74.62799835205078
2021-05-10,74.60205078125
2021-05-11,74.59342956542969
2021-05-12,74.58478546142578
2021-05-13,74.60205078125
2021-05-14,74.60205078125
2021-05-17,74.60205078125
2021-05-18,74.6107406616211
2021-05-19,74.58478546142578
2021-05-20,74.61940002441406
2021-05-21,74.60205078125
2021-05-24,74.61940002441406
2021-05-25,74.61940002441406
2021-05-26,74.63664245605469
2021-05-27,74.63664245605469
2021-05-28,74.63664245605469
2021-06-01,74.62109375
2021-06-02,74.62972259521484
2021-06-03,74.60379028320312
2021-06-04,74.62972259521484
2021-06-07,74.62109375
2021-06-08,74.63836669921875
2021-06-09,74.62109375
2021-06-10,74.64701843261719
2021-06-11,74.62972259521484
2021-06-14,74.60379028320312
2021-06-15,74.59516143798828
2021-06-16,74.52595520019531
2021-06-17,74.52595520019531
2021-06-18,74.4654312133789
2021-06-21,74.48271942138672
2021-06-22,74.52595520019531
2021-06-23,74.47410583496094
2021-06-24,74.48271942138672
2021-06-25,74.47410583496094
2021-06-28,74.5000228881836
2021-06-29,74.49138641357422
2021-06-30,74.50868225097656
2021-07-01,74.49397277832031
2021-07-02,74.52854919433594
2021-07-06,74.55451202392578
2021-07-07,74.56316375732422
2021-07-08,74.5977783203125
2021-07-09,74.57182312011719
2021-07-12,74.55451202392578
2021-07-13,74.49397277832031
2021-07-14,74.54586029052734
2021-07-15,74.55451202392578
2021-07-16,74.54586029052734
2021-07-19,74.5804672241211
2021-07-20,74.61505889892578
2021-07-21,74.58910369873047
2021-07-22,74.5977783203125
2021-07-23,74.60641479492188
2021-07-26,74.58910369873047
2021-07-27,74.60641479492188
2021-07-28,74.61505889892578
2021-07-29,74.61505889892578
2021-07-30,74.63233947753906
2021-08-02,74.66004943847656
2021-08-03,74.66004943847656
2021-08-04,74.63407135009766
2021-08-05,74.59945678710938
2021-08-06,74.57352447509766
2021-08-09,74.54755401611328
2021-08-10,74.52162170410156
2021-08-11,74.55619812011719
2021-08-12,74.55619812011719
2021-08-13,74.56484985351562
2021-08-16,74.5821762084961
2021-08-17,74.56484985351562
2021-08-18,74.56484985351562
2021-08-19,74.56484985351562
2021-08-20,74.56484985351562
2021-08-23,74.56484985351562
2021-08-24,74.55619812011719
2021-08-25,74.54755401611328
2021-08-26,74.54755401611328
2021-08-27,74.59945678710938
2021-08-30,74.61680603027344
2021-08-31,74.60813903808594
2021-09-01,74.60205078125
2021-09-02,74.60205078125
2021-09-03,74.60205078125
2021-09-07,74.57610321044922
2021-09-08,74.59343719482422
2021-09-09,74.6107406616211
2021-09-10,74.58477020263672
2021-09-13,74.60205078125
2021-09-14,74.6107406616211
2021-09-15,74.6107406616211
2021-09-16,74.58477020263672
2021-09-17,74.56745910644531
2021-09-20,74.58477020263672
2021-09-21,74.60205078125
2021-09-22,74.55882263183594
2021-09-23,74.51555633544922
2021-09-24,74.48959350585938
2021-09-27,74.48096466064453
2021-09-28,74.48959350585938
2021-09-29,74.51555633544922
2021-09-30,74.53286743164062
2021-10-01,74.5683364868164
2021-10-04,74.53374481201172
2021-10-05,74.52508544921875
2021-10-06,74.51642608642578
2021-10-07,74.49049377441406
2021-10-08,74.46452331542969
2021-10-11,74.40392303466797
2021-10-12,74.43854522705078
2021-10-13,74.41260528564453
2021-10-14,74.41260528564453
2021-10-15,74.36932373046875
2021-10-18,74.31743621826172
2021-10-19,74.34336853027344
2021-10-20,74.36932373046875
2021-10-21,74.28277587890625
2021-10-22,74.26549530029297
2021-10-25,74.30011749267578
2021-10-26,74.28277587890625
2021-10-27,74.26549530029297
2021-10-28,74.27413940429688
2021-10-29,74.28277587890625
2021-11-01,74.24905395507812
2021-11-02,74.3269271850586
2021-11-03,74.30963897705078
2021-11-04,74.37882995605469
2021-11-05,74.41345977783203
2021-11-08,74.3269271850586
2021-11-09,74.3702163696289
2021-11-10,74.2231216430664
2021-11-11,74.17117309570312
2021-11-12,74.23175048828125
2021-11-15,74.2231216430664
2021-11-16,74.2231216430664
2021-11-17,74.24905395507812
2021-11-18,74.24040985107422
2021-11-19,74.2231216430664
2021-11-22,74.13654327392578
2021-11-23,74.13654327392578
2021-11-24,74.11924743652344
2021-11-26,74.26638793945312
2021-11-29,74.30097198486328
2021-11-30,74.24040985107422
2021-12-01,74.2490463256836
2021-12-02,74.15380096435547
2021-12-03,74.1971206665039
2021-12-06,74.13648986816406
2021-12-07,74.04124450683594
2021-12-08,74.06723022460938
2021-12-09,74.04124450683594
2021-12-10,74.07589721679688
2021-12-13,74.1191635131836
2021-12-14,74.07589721679688
2021-12-15,74.10186767578125
2021-12-16,74.16075897216797
2021-12-17,74.12609100341797
2021-12-20,74.14341735839844
2021-12-21,74.10010528564453
2021-12-22,74.09146118164062
2021-12-23,74.08281707763672
2021-12-27,74.05681610107422
2021-12-28,74.05681610107422
2021-12-29,74.04815673828125
2021-12-30,74.09146118164062
2021-12-31,74.08281707763672
2022-01-03,73.99623107910156
2022-01-04,74.03948211669922
2022-01-05,73.94422912597656
2022-01-06,73.88360595703125
2022-01-07,73.8663101196289
2022-01-10,73.82300567626953
2022-01-11,73.8489761352539
2022-01-12,73.82300567626953
2022-01-13,73.85762786865234
2022-01-14,73.7623519897461
2022-01-18,73.6497573852539
2022-01-19,73.68441009521484
2022-01-20,73.66709899902344
2022-01-21,73.72772216796875
2022-01-24,73.77102661132812
2022-01-25,73.73638153076172
2022-01-26,73.60643005371094
2022-01-27,73.54583740234375
2022-01-28,73.57180786132812
2022-01-31,73.57180786132812
2022-02-01,73.56575775146484
2022-02-02,73.58308410644531
2022-02-03,73.52244567871094
2022-02-04,73.37518310546875
2022-02-07,73.39250946044922
2022-02-08,73.31454467773438
2022-02-09,73.305908203125
2022-02-10,72.93338775634766
2022-02-11,73.15859985351562
2022-02-14,73.00269317626953
2022-02-15,73.02864837646484
2022-02-16,73.12397003173828
2022-02-17,73.16727447509766
2022-02-18,73.17594146728516
2022-02-22,73.10664367675781
2022-02-23,73.06330108642578
2022-02-24,73.12397003173828
2022-02-25,73.12397003173828
2022-02-28,73.25390625
2022-03-01,73.42290496826172
2022-03-02,73.18025207519531
2022-03-03,73.18025207519531
2022-03-04,73.25820922851562
2022-03-07,73.16291046142578
2022-03-08,73.06759643554688
2022-03-09,73.02426147460938
2022-03-10,72.96361541748047
2022-03-11,72.93759155273438
2022-03-14,72.74696350097656
2022-03-15,72.77297973632812
2022-03-16,72.70364379882812
2022-03-17,72.67765045166016
2022-03-18,72.66031646728516
2022-03-21,72.41768646240234
2022-03-22,72.36569213867188
2022-03-23,72.42630004882812
2022-03-24,72.40900421142578
2022-03-25,72.209716796875
2022-03-28,72.140380859375
2022-03-29,72.17503356933594
2022-03-30,72.2270278930664
2022-03-31,72.2270278930664
2022-04-01,72.07617950439453
2022-04-04,72.11951446533203
2022-04-05,71.989501953125
2022-04-06,72.04151153564453
2022-04-07,72.09355926513672
2022-04-08,72.00685119628906
2022-04-11,72.02416229248047
2022-04-12,72.20623016357422
2022-04-13,72.24092864990234
2022-04-14,72.11087036132812
2022-04-18,72.11087036132812
2022-04-19,71.9461669921875
2022-04-20,71.989501953125
2022-04-21,71.86811828613281
2022-04-22,71.85077667236328
2022-04-25,71.96346282958984
2022-04-26,72.09355926513672
2022-04-27,72.05885314941406
2022-04-28,72.00685119628906
2022-04-29,71.86811828613281
2022-05-02,71.86289978027344
2022-05-03,71.82823181152344
2022-05-04,72.01905822753906
2022-05-05,71.89762115478516
2022-05-06,71.888916015625
2022-05-09,72.07109832763672
2022-05-10,72.02772521972656
2022-05-11,72.03640747070312
2022-05-12,72.1405029296875
2022-05-13,72.11445617675781
2022-05-16,72.15782165527344
2022-05-17,72.00170135498047
2022-05-18,72.03640747070312
2022-05-19,72.1405029296875
2022-05-20,72.19251251220703
2022-05-23,72.15782165527344
2022-05-24,72.32262420654297
2022-05-25,72.3746566772461
2022-05-26,72.39202880859375
2022-05-27,72.40939331054688
2022-05-31,72.29661560058594
2022-06-01,72.16205596923828
2022-06-02,72.17940521240234
2022-06-03,72.15340423583984
2022-06-06,72.05787658691406
2022-06-07,72.06658172607422
2022-06-08,72.01451110839844
2022-06-09,71.96241760253906
2022-06-10,71.65860748291016
2022-06-13,71.29400634765625
2022-06-14,71.1551284790039
2022-06-15,71.43290710449219
2022-06-16,71.5284194946289
2022-06-17,71.51099395751953
2022-06-21,71.4849624633789
2022-06-22,71.69332122802734
2022-06-23,71.75407409667969
2022-06-24,71.73672485351562
2022-06-27,71.65860748291016
2022-06-28,71.64124298095703
2022-06-29,71.72803497314453
2022-06-30,71.86691284179688
2022-07-01,72.08326721191406
2022-07-05,72.07459259033203
2022-07-06,71.8747329711914
2022-07-07,71.82262420654297
2022-07-08,71.73572540283203
2022-07-11,71.76181030273438
2022-07-12,71.79653930664062
2022-07-13,71.71833801269531
2022-07-14,71.6922836303711
2022-07-15,71.74443054199219
2022-07-18,71.70097351074219
2022-07-19,71.62278747558594
2022-07-20,71.61408996582031
2022-07-21,71.81392669677734
2022-07-22,71.99639892578125
2022-07-25,71.93558502197266
2022-07-26,71.90082550048828
2022-07-27,72.01376342773438
2022-07-28,72.17018127441406
2022-07-29,72.1614761352539
2022-08-01,72.15974426269531
2022-08-02,71.90748596191406
2022-08-03,71.93358612060547
2022-08-04,72.0292739868164
2022-08-05,71.73350524902344
2022-08-08,71.80313110351562
2022-08-09,71.73350524902344
2022-08-10,71.80313110351562
2022-08-11,71.77703857421875
2022-08-12,71.79441833496094
2022-08-15,71.85530853271484
2022-08-16,71.79441833496094
2022-08-17,71.73350524902344
2022-08-18,71.83790588378906
2022-08-19,71.78571319580078
2022-08-22,71.6900405883789
2022-08-23,71.72483825683594
2022-08-24,71.64656829833984
2022-08-25,71.6900405883789
2022-08-26,71.67267608642578
2022-08-29,71.6204605102539
2022-08-30,71.585693359375
2022-08-31,71.57698059082031
2022-09-01,71.52471923828125
2022-09-02,71.68150329589844
2022-09-06,71.52471923828125
2022-09-07,71.62923431396484
2022-09-08,71.54216766357422
2022-09-09,71.48116302490234
2022-09-12,71.47245788574219
2022-09-13,71.22862243652344
2022-09-14,71.1676254272461
2022-09-15,71.08927154541016
2022-09-16,71.12413024902344
2022-09-19,71.04574584960938
2022-09-20,71.01092529296875
2022-09-21,70.94994354248047
2022-09-22,70.81932830810547
2022-09-23,70.73224639892578
2022-09-26,70.57546997070312
2022-09-27,70.57546997070312
2022-09-28,70.88025665283203
2022-09-29,70.78445434570312
2022-09-30,70.72350311279297
2022-10-03,70.87873840332031
2022-10-04,70.90489959716797
2022-10-05,70.83511352539062
2022-10-06,70.74791717529297
2022-10-07,70.66072082519531
2022-10-10,70.63458251953125
2022-10-11,70.66943359375
2022-10-12,70.73921966552734
2022-10-13,70.5299072265625
2022-10-14,70.49502563476562
2022-10-17,70.57351684570312
2022-10-18,70.60841369628906
2022-10-19,70.47759246826172
2022-10-20,70.39911651611328
2022-10-21,70.5822525024414
2022-10-24,70.56477355957031
2022-10-25,70.63458251953125
2022-10-26,70.69562530517578
2022-10-27,70.84384155273438
2022-10-28,70.73921966552734
2022-10-31,70.63458251953125
2022-11-01,70.56558227539062
2022-11-02,70.5306167602539
2022-11-03,70.3995590209961
2022-11-04,70.47819519042969
2022-11-07,70.41705322265625
2022-11-08,70.4869384765625
2022-11-09,70.60050201416016
2022-11-10,70.98484802246094
2022-11-11,70.96739959716797
2022-11-14,70.90625
2022-11-15,70.97612762451172
2022-11-16,70.98484802246094
2022-11-17,70.89750671386719
2022-11-18,70.81888580322266
2022-11-21,70.80142211914062
2022-11-22,70.85384368896484
2022-11-23,70.91497039794922
2022-11-25,70.92371368408203
2022-11-28,70.94116973876953
2022-11-29,70.91497039794922
2022-11-30,71.12461853027344
2022-12-01,71.27781677246094
2022-12-02,71.26031494140625
2022-12-05,71.0589828491211
2022-12-06,71.13776397705078
2022-12-07,71.28658294677734
2022-12-08,71.21652221679688
2022-12-09,71.18154907226562
2022-12-12,71.13776397705078
2022-12-13,71.34783935546875
2022-12-14,71.35660552978516
2022-12-15,71.36624908447266
2022-12-16,71.43640899658203
2022-12-19,71.34871673583984
2022-12-20,71.34871673583984
2022-12-21,71.41889190673828
2022-12-22,71.37501525878906
2022-12-23,71.33993530273438
2022-12-27,71.24340057373047
2022-12-28,71.24340057373047
2022-12-29,71.29608154296875
2022-12-30,71.20834350585938
2023-01-03,71.2697525024414
2023-01-04,71.33993530273438
2023-01-05,71.24340057373047
2023-01-06,71.51538848876953
2023-01-09,71.5855941772461
2023-01-10,71.5241470336914
2023-01-11,71.5855941772461
2023-01-12,71.74345397949219
2023-01-13,71.62065124511719
2023-01-17,71.66450500488281
2023-01-18,71.8224105834961
2023-01-19,71.80488586425781
2023-01-20,71.74345397949219
2023-01-23,71.67328643798828
2023-01-24,71.6996078491211
2023-01-25,71.74345397949219
2023-01-26,71.6996078491211
2023-01-27,71.6996078491211
2023-01-30,71.62944793701172
2023-01-31,71.7610092163086
2023-02-01,71.88583374023438
2023-02-02,71.89462280273438
2023-02-03,71.6309585571289
2023-02-06,71.42881774902344
2023-02-07,71.4639663696289
2023-02-08,71.4903335571289
2023-02-09,71.43756866455078
2023-02-10,71.4024429321289
2023-02-13,71.42000579833984
2023-02-14,71.27059936523438
2023-02-15,71.27937316894531
2023-02-16,71.28816223144531
2023-02-17,71.34967803955078
2023-02-21,71.20901489257812
2023-02-22,71.24421691894531
2023-02-23,71.28816223144531
2023-02-24,71.13875579833984
2023-02-27,71.20025634765625
2023-02-28,71.18268585205078
2023-03-01,71.05235290527344
2023-03-02,71.07878112792969
2023-03-03,71.12281799316406
2023-03-06,71.08758544921875
2023-03-07,70.93788146972656
2023-03-08,70.90265655517578
2023-03-09,71.13160705566406
2023-03-10,71.51910400390625
2023-03-13,72.23245239257812
2023-03-14,71.95943450927734
2023-03-15,72.38217163085938
2023-03-16,72.09156036376953
2023-03-17,72.45262908935547
2023-03-20,72.36456298828125
2023-03-21,72.09156036376953
2023-03-22,72.42619323730469
2023-03-23,72.63756561279297
2023-03-24,72.67277526855469
2023-03-27,72.36456298828125
2023-03-28,72.28528594970703
2023-03-29,72.25889587402344
2023-03-30,72.2676773071289
2023-03-31,72.35576629638672
2023-04-03,72.44400787353516
2023-04-04,72.61168670654297
2023-04-05,72.70877075195312
2023-04-06,72.68231201171875
2023-04-10,72.42636108398438
2023-04-11,72.41754913330078
2023-04-12,72.49696350097656
2023-04-13,72.54110717773438
2023-04-14,72.37339782714844
2023-04-17,72.2674560546875
2023-04-18,72.24983978271484
2023-04-19,72.18805694580078
2023-04-20,72.36456298828125
2023-04-21,72.32044219970703
2023-04-24,72.39986419677734
2023-04-25,72.68231201171875
2023-04-26,72.59403228759766
2023-04-27,72.45284271240234
2023-04-28,72.53226470947266
2023-05-01,72.3739242553711
2023-05-02,72.61276245117188
2023-05-03,72.78970336914062
2023-05-04,72.90467834472656
2023-05-05,72.7277603149414
2023-05-08,72.61276245117188
2023-05-09,72.5950698852539
2023-05-10,72.77200317382812
2023-05-11,72.81625366210938
2023-05-12,72.6924057006836
2023-05-15,72.70125579833984
2023-05-16,72.61276245117188
2023-05-17,72.53314971923828
2023-05-18,72.40043640136719
2023-05-19,72.34737396240234
2023-05-22,72.32085418701172
2023-05-23,72.31198120117188
2023-05-24,72.2235107421875
2023-05-25,72.06429290771484
2023-05-26,72.04657745361328
2023-05-30,72.18815612792969
2023-05-31,72.25889587402344
2023-06-01,72.37153625488281
2023-06-02,72.16757202148438
2023-06-05,72.18534088134766
2023-06-06,72.14984130859375
2023-06-07,72.09661865234375
2023-06-08,72.21188354492188
2023-06-09,72.07886505126953
2023-06-12,72.14095306396484
2023-06-13,72.00794219970703
2023-06-14,71.96358489990234
2023-06-15,72.11437225341797
2023-06-16,72.01680755615234
2023-06-20,72.04341888427734
2023-06-21,72.04341888427734
2023-06-22,71.96358489990234
2023-06-23,72.02568054199219
2023-06-26,72.07886505126953
2023-06-27,71.97245025634766
2023-06-28,72.05227661132812
2023-06-29,71.87492370605469
2023-06-30,71.90151977539062
2023-07-03,71.81797790527344
2023-07-05,71.80015563964844
2023-07-06,71.75572204589844
2023-07-07,71.83573913574219
2023-07-10,71.94242858886719
2023-07-11,71.93354797363281
2023-07-12,72.14690399169922
2023-07-13,72.35137939453125
2023-07-14,72.1646728515625
2023-07-17,72.19135284423828
2023-07-18,72.19135284423828
2023-07-19,72.21804809570312
2023-07-20,72.12911987304688
2023-07-21,72.13802337646484
2023-07-24,72.04911804199219
2023-07-25,72.04022216796875
2023-07-26,72.11135864257812
2023-07-27,72.00465393066406
2023-07-28,72.10247039794922
2023-07-31,72.12026977539062
2023-08-01,72.05962371826172
2023-08-02,72.09527587890625
2023-08-03,72.12202453613281
2023-08-04,72.26464080810547
2023-08-07,72.2914047241211
2023-08-08,72.3270263671875
2023-08-09,72.28247833251953
2023-08-10,72.2468032836914
2023-08-11,72.1755142211914
2023-08-14,72.11310577392578
2023-08-15,72.13984680175781
2023-08-16,72.10418701171875
2023-08-17,72.18441772460938
2023-08-18,72.21113586425781
2023-08-21,72.13092803955078
2023-08-22,72.09527587890625
2023-08-23,72.22898864746094
2023-08-24,72.18441772460938
2023-08-25,72.13984680175781
2023-08-28,72.18441772460938
2023-08-29,72.3448486328125
2023-08-30,72.3448486328125
2023-08-31,72.41618347167969
2023-09-01,72.37686157226562
2023-09-05,72.28746795654297
2023-09-06,72.2070541381836
2023-09-07,72.34112548828125
2023-09-08,72.30537414550781
2023-09-11,72.3232421875
2023-09-12,72.28746795654297
2023-09-13,72.35005950927734
2023-09-14,72.33218383789062
2023-09-15,72.29644012451172
2023-09-18,72.28746795654297
2023-09-19,72.23387908935547
2023-09-20,72.1891860961914
2023-09-21,72.2249526977539
2023-09-22,72.29644012451172
2023-09-25,72.26961517333984
2023-09-26,72.2785415649414
2023-09-27,72.2249526977539
2023-09-28,72.35005950927734
2023-09-29,72.35900115966797
2023-10-02,72.28640747070312
2023-10-03,72.23265838623047
2023-10-04,72.39390563964844
2023-10-05,72.46559143066406
2023-10-06,72.40289306640625
2023-10-09,72.617919921875
2023-10-10,72.57312774658203
2023-10-11,72.55520629882812
2023-10-12,72.46559143066406
2023-10-13,72.5103988647461
2023-10-16,72.46559143066406
2023-10-17,72.30433654785156
2023-10-18,72.30433654785156
2023-10-19,72.40289306640625
2023-10-20,72.51937103271484
2023-10-23,72.56414794921875
2023-10-24,72.5462646484375
2023-10-25,72.46559143066406
2023-10-26,72.60897827148438
2023-10-27,72.65373992919922
2023-10-30,72.62689208984375
2023-10-31,72.60001373291016
2023-11-01,72.7617416381836
2023-11-02,72.77070617675781
2023-11-03,72.9683837890625
2023-11-06,72.83360290527344
2023-11-07,72.88751983642578
2023-11-08,72.86954498291016
2023-11-09,72.7617416381836
2023-11-10,72.77972412109375
2023-11-13,72.806640625
2023-11-14,73.09417724609375
2023-11-15,72.95941162109375
2023-11-16,73.08518981933594
2023-11-17,73.03128814697266
2023-11-20,73.04026794433594
2023-11-21,73.08518981933594
2023-11-22,73.09417724609375
2023-11-24,73.04026794433594
2023-11-27,73.13013458251953
2023-11-28,73.264892578125
2023-11-29,73.40864562988281
2023-11-30,73.36372375488281
2023-12-01,73.57730865478516
2023-12-04,73.46918487548828
2023-12-05,73.55931854248047
2023-12-06,73.54126739501953
2023-12-07,73.59536743164062
2023-12-08,73.4331283569336
2023-12-11,73.45115661621094
2023-12-12,73.46017456054688
2023-12-13,73.82965850830078
2023-12-14,73.95628356933594
2023-12-15,73.87489318847656
2023-12-18,73.86582946777344
2023-12-19,73.8929672241211
2023-12-20,73.99238586425781
2023-12-21,74.06473541259766
2023-12-22,74.09185791015625
2023-12-26,74.05571746826172
2023-12-27,74.1461181640625
2023-12-28,74.13705444335938
2023-12-29,74.17324829101562
2024-01-02,74.08283233642578
2024-01-03,74.10090637207031
2024-01-04,74.05571746826172
2024-01-05,74.0376205444336
2024-01-08,74.10090637207031
2024-01-09,74.11898803710938
2024-01-10,74.11898803710938
2024-01-11,74.290771484375
2024-01-12,74.44445037841797
2024-01-16,74.32694244384766
2024-01-17,74.18229675292969
2024-01-18,74.21843719482422
2024-01-19,74.16419219970703
2024-01-22,74.20036315917969
2024-01-23,74.19132232666016
2024-01-24,74.1551513671875
2024-01-25,74.290771484375
2024-01-26,74.24556732177734
2024-01-29,74.3178939819336
2024-01-30,74.2726821899414
2024-01-31,74.40831756591797
2024-02-01,74.51892852783203
2024-02-02,74.28314208984375
2024-02-05,74.1380844116211
2024-02-06,74.25597381591797
2024-02-07,74.22877502441406
2024-02-08,74.21060180664062
2024-02-09,74.18342590332031
2024-02-12,74.1925048828125
2024-02-13,73.95671844482422
2024-02-14,74.06556701660156
2024-02-15,74.1380844116211
2024-02-16,74.04741668701172
2024-02-20,74.09275817871094
2024-02-21,74.0292739868164
2024-02-22,74.02021789550781
2024-02-23,74.05644989013672
2024-02-26,74.00208282470703
2024-02-27,74.00208282470703
2024-02-28,74.0746078491211
2024-02-29,74.11993408203125
2024-03-01,74.26545715332031
2024-03-04,74.19271850585938
2024-03-05,74.24726867675781
2024-03-06,74.26545715332031
2024-03-07,74.35641479492188
2024-03-08,74.39280700683594
2024-03-11,74.32913208007812
2024-03-12,74.25636291503906
2024-03-13,74.219970703125
2024-03-14,74.15634155273438
2024-03-15,74.11085510253906
2024-03-18,74.11994171142578
2024-03-19,74.18360900878906
2024-03-20,74.30183410644531
2024-03-21,74.30183410644531
2024-03-22,74.35641479492188
2024-03-25,74.3200454711914
2024-03-26,74.33820343017578
2024-03-27,74.4200668334961
2024-03-28,74.37458801269531
2024-04-01,74.219482421875
2024-04-02,74.25599670410156
2024-04-03,74.31073760986328
2024-04-04,74.38371276855469
2024-04-05,74.26510620117188
2024-04-08,74.1921157836914
2024-04-09,74.26510620117188
2024-04-10,73.9640121459961
2024-04-11,74.05525207519531
2024-04-12,74.10087585449219
2024-04-15,74.073486328125
2024-04-16,74.02786254882812
2024-04-17,74.08261108398438
2024-04-18,74.04608917236328
2024-04-19,74.0643539428711
2024-04-22,74.10087585449219
2024-04-23,74.16474151611328
2024-04-24,74.1373519897461
2024-04-25,74.08261108398438
2024-04-26,74.10087585449219
2024-04-29,74.1373519897461
2024-04-30,74.04608917236328
2024-05-01,74.19441986083984
2024-05-02,74.30427551269531
2024-05-03,74.42326354980469
2024-05-06,74.41410064697266
2024-05-07,74.42326354980469
2024-05-08,74.40494537353516
2024-05-09,74.46903228759766
2024-05-10,74.40494537353516
2024-05-13,74.42326354980469
2024-05-14,74.49649810791016
2024-05-15,74.63380432128906
2024-05-16,74.57889556884766
2024-05-17,74.53312683105469
2024-05-20,74.51480865478516
2024-05-21,74.5513916015625
2024-05-22,74.49649810791016
2024-05-23,74.45987701416016
2024-05-24,74.48733520507812
2024-05-28,74.42326354980469
2024-05-29,74.39579772949219
2024-05-30,74.4781723022461
2024-05-31,74.57889556884766
2024-06-03,74.66336059570312
2024-06-04,74.73686218261719
2024-06-05,74.81031799316406
2024-06-06,74.8194808959961
2024-06-07,74.62665557861328
2024-06-10,74.63580322265625
2024-06-11,74.71849060058594
2024-06-12,74.8194808959961
2024-06-13,74.93888854980469
2024-06-14,74.94808197021484
2024-06-17,74.87458801269531
2024-06-18,74.97561645507812
2024-06-20,74.94808197021484
2024-06-21,74.97561645507812
2024-06-24,74.98480987548828
2024-06-25,74.99398803710938
2024-06-26,74.92051696777344
2024-06-27,74.97561645507812
2024-06-28,74.98480987548828
2024-07-01,74.92029571533203
2024-07-02,74.98481750488281
2024-07-03,75.09537506103516
2024-07-05,75.23359680175781
2024-07-08,75.224365234375
2024-07-09,75.20596313476562
2024-07-10,75.23359680175781
2024-07-11,75.40866088867188
2024-07-12,75.51922607421875
2024-07-15,75.51922607421875
2024-07-16,75.54688262939453
2024-07-17,75.55608367919922
2024-07-18,75.51922607421875
2024-07-19,75.48235321044922
2024-07-22,75.4915771484375
2024-07-23,75.52845001220703
2024-07-24,75.56531524658203
2024-07-25,75.57451629638672
2024-07-26,75.67584991455078
2024-07-29,75.68508911132812
2024-07-30,75.71273040771484
2024-07-31,75.86935424804688
2024-08-01,76.00061798095703
2024-08-02,76.42591094970703
2024-08-05,76.40740966796875
2024-08-06,76.31497192382812
2024-08-07,76.26871490478516
2024-08-08,76.23175048828125
2024-08-09,76.25023651123047
2024-08-12,76.29647064208984
2024-08-13,76.41666412353516
2024-08-14,76.40740966796875
2024-08-15,76.22248077392578
2024-08-16,76.30571746826172
2024-08-19,76.2872085571289
2024-08-20,76.39814758300781
2024-08-21,76.4813461303711
2024-08-22,76.3796615600586
2024-08-23,76.5553207397461
2024-08-26,76.5183334350586
2024-08-27,76.56458282470703
2024-08-28,76.5553207397461
2024-08-29,76.54607391357422
2024-08-30,76.54607391357422
2024-09-03,76.62772369384766
2024-09-04,76.7947006225586
2024-09-05,76.8225326538086
2024-09-06,76.96167755126953
2024-09-09,76.97095489501953
2024-09-10,77.082275390625
2024-09-11,77.0173110961914
2024-09-12,77.0266342163086
2024-09-13,77.137939453125
2024-09-16,77.18433380126953
2024-09-17,77.12867736816406
2024-09-18,77.10083770751953
2024-09-19,77.16578674316406
2024-09-20,77.19359588623047
2024-09-23,77.19359588623047
2024-09-24,77.26780700683594
2024-09-25,77.20286560058594
2024-09-26,77.12867736816406
2024-09-27,77.24925994873047
2024-09-30,77.137939453125
2024-10-01,77.18728637695312
2024-10-02,77.16866302490234
2024-10-03,77.06627655029297
2024-10-04,76.80564880371094
2024-10-07,76.70328521728516
2024-10-08,76.76842498779297
2024-10-09,76.69397735595703
2024-10-10,76.75912475585938
2024-10-11,76.82427978515625
2024-10-14,76.78703308105469
2024-10-15,76.82427978515625
2024-10-16,76.87081909179688
2024-10-17,76.80564880371094
2024-10-18,76.87081909179688
2024-10-21,76.75912475585938
2024-10-22,76.74980926513672
2024-10-23,76.70328521728516
2024-10-24,76.74048614501953
2024-10-25,76.71260070800781
2024-10-28,76.67536926269531
2024-10-29,76.70328521728516
2024-10-30,76.63813018798828
2024-10-31,76.65674591064453
2024-11-01,76.63152313232422
2024-11-04,76.68756866455078
2024-11-05,76.66889190673828
2024-11-06,76.57550048828125
2024-11-07,76.70623016357422
2024-11-08,76.65020751953125
2024-11-11,76.59416961669922
2024-11-12,76.51944732666016
2024-11-13,76.63152313232422
2024-11-14,76.51944732666016
2024-11-15,76.6034927368164
2024-11-18,76.6595230102539
2024-11-19,76.6595230102539
2024-11-20,76.62220001220703
2024-11-21,76.6034927368164
2024-11-22,76.59416961669922
2024-11-25,76.74361419677734
2024-11-26,76.74361419677734
2024-11-27,76.7903060913086
2024-11-29,76.8836898803711
2024-12-02,76.87901306152344
2024-12-03,76.88836669921875
2024-12-04,76.97272491455078
2024-12-05,76.97272491455078
2024-12-06,77.04765319824219
2024-12-09,77.0195541381836
2024-12-10,77.01019287109375
2024-12-11,76.99144744873047
2024-12-12,76.9539566040039
2024-12-13,76.9164810180664
2024-12-16,76.92585754394531
2024-12-17,76.93522644042969
2024-12-18,76.79420471191406
2024-12-19,76.87881469726562
2024-12-20,76.88823699951172
2024-12-23,76.8411865234375
2024-12-24,76.87881469726562
2024-12-26,76.89762115478516
2024-12-27,76.91643524169922
2024-12-30,77.02923583984375
2024-12-31,77.0762710571289
2025-01-02,77.05744934082031
2025-01-03,77.05744934082031
2025-01-06,77.0762710571289
2025-01-07,77.02923583984375
2025-01-08,77.0762710571289
2025-01-10,76.93524169921875
2025-01-13,76.95404052734375
2025-01-14,76.97285461425781
2025-01-15,77.1420669555664
2025-01-16,77.18907928466797
2025-01-17,77.1702651977539
2025-01-21,77.19847869873047
2025-01-22,77.1796646118164
2025-01-23,77.1796646118164
2025-01-24,77.22669982910156
2025-01-27,77.33951568603516
2025-01-28,77.3582992553711
2025-01-29,77.31128692626953
2025-01-30,77.3582992553711
2025-01-31,77.36770629882812
2025-02-03,77.31393432617188
2025-02-04,77.389404296875
2025-02-05,77.43657684326172
2025-02-06,77.40827178955078
2025-02-07,77.32337951660156
2025-02-10,77.3611068725586
2025-02-11,77.34225463867188
2025-02-12,77.23849487304688
2025-02-13,77.34225463867188
2025-02-14,77.44599151611328
2025-02-18,77.37997436523438
2025-02-19,77.43657684326172
2025-02-20,77.44599151611328
2025-02-21,77.57807922363281
2025-02-24,77.63467407226562
2025-02-25,77.73843383789062
2025-02-26,77.76673126220703
2025-02-27,77.79503631591797
2025-02-28,77.9365463256836
2025-03-03,77.9866714477539
2025-03-04,77.99614715576172
2025-03-05,77.91100311279297
2025-03-06,77.95828247070312
2025-03-07,77.94882202148438
2025-03-10,78.09075927734375
2025-03-11,78.04345703125
2025-03-12,77.9866714477539
2025-03-13,78.04345703125
2025-03-14,77.9866714477539
2025-03-17,77.95828247070312
2025-03-18,77.95828247070312
2025-03-19,78.07184600830078
2025-03-20,78.09075927734375
2025-03-21,78.13807678222656
2025-03-24,78.03398895263672
2025-03-25,78.06237030029297
2025-03-26,78.04345703125
2025-03-27,78.08129119873047
2025-03-28,78.22323608398438
2025-03-31,78.28002166748047
2025-04-01,78.30850219726562
2025-04-02,78.25151062011719
2025-04-03,78.54586029052734
2025-04-04,78.49836730957031
2025-04-07,78.50785827636719
2025-04-08,78.46041107177734
2025-04-09,78.41293334960938
2025-04-10,78.40342712402344
2025-04-11,78.26101684570312
2025-04-14,78.43190002441406
2025-04-15,78.43190002441406
2025-04-16,78.53636169433594
2025-04-17,78.56484985351562
2025-04-21,78.5173568725586
2025-04-22,78.54586029052734
2025-04-23,78.48888397216797
2025-04-24,78.58380889892578
2025-04-25,78.65027618408203
2025-04-28,78.76421356201172
2025-04-29,78.81168365478516
2025-04-30,78.91612243652344
2025-05-01,78.75325775146484
2025-05-02,78.60087585449219
2025-05-05,78.59133911132812
2025-05-06,78.65802764892578
2025-05-07,78.68659210205078
2025-05-08,78.52466583251953
2025-05-09,78.56278991699219
2025-05-12,78.41993713378906
2025-05-13,78.4008560180664
2025-05-14,78.3437271118164
2025-05-15,78.49609375
2025-05-16,78.47705841064453
2025-05-19,78.50564575195312
2025-05-20,78.51515197753906
2025-05-21,78.46754455566406
2025-05-22,78.51515197753906
2025-05-23,78.56278991699219
2025-05-27,78.59133911132812
2025-05-28,78.53421020507812
2025-05-29,78.61991882324219
2025-05-30,78.71517944335938
2025-06-02,78.65018463134766
2025-06-03,78.6310806274414
2025-06-04,78.77439880371094
2025-06-05,78.68841552734375
2025-06-06,78.55463409423828
2025-06-09,78.6119613647461
2025-06-10,78.6119613647461
2025-06-11,78.7361831665039
2025-06-12,78.80307006835938
2025-06-13,78.7457504272461
2025-06-16,78.7361831665039
2025-06-17,78.77439880371094
2025-06-18,78.8126449584961
2025-06-20,78.86994171142578
2025-06-23,78.97508239746094
2025-06-24,79.04196166992188
2025-06-25,79.05152893066406
2025-06-26,79.14707946777344
2025-06-27,79.11840057373047
2025-06-30,79.17573547363281
2025-07-01,79.09329223632812
2025-07-02,79.08370971679688
2025-07-03,78.99742889404297
2025-07-07,78.9782485961914
2025-07-08,78.98784637451172
2025-07-09,79.05496215820312
2025-07-10,79.05496215820312
2025-07-11,79.03578186035156
2025-07-14,79.04536437988281
2025-07-15,78.96868133544922
2025-07-16,79.07412719726562
2025-07-17,79.04536437988281
2025-07-18,79.11246490478516
2025-07-21,79.160400390625
2025-07-22,79.2179183959961
2025-07-23,79.15080261230469
2025-07-24,79.08370971679688
2025-07-25,79.13164520263672
2025-07-28,79.1220474243164
2025-07-29,79.18915557861328
2025-07-30,79.10286712646484
2025-07-31,79.10286712646484
2025-08-01,79.49720764160156
2025-08-04,79.51641845703125
2025-08-05,79.48759460449219
2025-08-06,79.51641845703125
2025-08-07,79.47796630859375
2025-08-08,79.458740234375
2025-08-11,79.458740234375
2025-08-12,79.51641845703125
2025-08-13,79.62220764160156
2025-08-14,79.53565979003906
2025-08-15,79.50680541992188
2025-08-18,79.50680541992188
2025-08-19,79.54528045654297
2025-08-20,79.57414245605469
2025-08-21,79.50680541992188
2025-08-22,79.67992401123047
2025-08-25,79.6414566040039
2025-08-26,79.7087631225586
2025-08-27,79.76648712158203
2025-08-28,79.73763275146484
2025-08-29,79.8049545288086
2025-09-02,79.76443481445312
2025-09-03,79.82231903076172
2025-09-04,79.88019561767578
2025-09-05,79.99595642089844
2025-09-08,80.04421997070312
2025-09-09,79.97666931152344
2025-09-10,79.98631286621094
2025-09-11,80.01526641845703
2025-09-12,80.005615234375
2025-09-15,80.03455352783203
2025-09-16,80.07315063476562
2025-09-17,80.03455352783203
2025-09-18,80.005615234375
2025-09-19,80.03455352783203
2025-09-22,79.99595642089844
2025-09-23,80.02490997314453
2025-09-24,79.98631286621094
2025-09-25,79.91878509521484
2025-09-26,79.9670181274414
2025-09-29,79.99595642089844
2025-09-30,80.03455352783203
2025-10-01,80.12745666503906
2025-10-02,80.14681243896484
2025-10-03,80.11778259277344
2025-10-06,80.09841918945312
2025-10-07,80.13713073730469
2025-10-08,80.12745666503906
2025-10-09,80.11778259277344
2025-10-10,80.25325775146484
2025-10-13,80.40809631347656
2025-10-14,80.35004425048828
2025-10-15,80.31133270263672
2025-10-16,80.41777038574219
2025-10-17,80.40809631347656
2025-10-20,80.41777038574219
2025-10-21,80.4371337890625
2025-10-22,80.4371337890625
2025-10-23,80.37906646728516
2025-10-24,80.42745208740234
2025-10-27,80.40809631347656
2025-10-28,80.41777038574219
2025-10-29,80.26295471191406
2025-10-30,80.27262878417969
2025-10-31,80.30166625976562
2025-11-03,80.30455017089844
2025-11-04,80.33368682861328
2025-11-05,80.27544403076172
2025-11-06,80.37252044677734
2025-11-07,80.41134643554688
2025-11-10,80.39192199707031
2025-11-11,80.45987701416016
2025-11-12,80.43075561523438
2025-11-13,80.3822250366211
2025-11-14,80.41134643554688
2025-11-17,80.40162658691406
2025-11-18,80.45018005371094
2025-11-19,80.44046783447266
2025-11-20,80.5084228515625
2025-11-21,80.60551452636719
2025-11-24,80.61521911621094
2025-11-25,80.66374206542969
2025-11-26,80.654052734375
2025-11-28,80.654052734375
2025-12-01,80.58492279052734
2025-12-02,80.63359069824219
2025-12-03,80.68228149414062
2025-12-04,80.62387084960938
2025-12-05,80.59464263916016
2025-12-08,80.57518005371094
2025-12-09,80.53622436523438
2025-12-10,80.67254638671875
2025-12-11,80.68228149414062
2025-12-12,80.6920166015625
2025-12-15,80.7406997680664
2025-12-16,80.7796630859375
2025-12-17,80.78939819335938
2025-12-18,80.84783172607422
2025-12-19,80.83316802978516
2025-12-22,80.79409790039062
2025-12-23,80.7550277709961
2025-12-24,80.80387878417969
2025-12-26,80.86247253417969
2025-12-29,80.90154266357422
2025-12-30,80.92107391357422
2025-12-31,80.89177703857422
2026-01-02,80.93083190917969
2026-01-05,80.96014404296875
2026-01-06,80.96990203857422
2026-01-07,80.96014404296875
2026-01-08,80.93083190917969
2026-01-09,80.90154266357422
2026-01-12,80.90154266357422
2026-01-13,80.92107391357422
2026-01-14,80.94061279296875
2026-01-15,80.88200378417969
2026-01-16,80.86247253417969
2026-01-20,80.87223052978516
2026-01-21,80.91130065917969
2026-01-22,80.88200378417969
2026-01-23,80.91130065917969
2026-01-26,80.94061279296875
2026-01-27,80.96014404296875
2026-01-28,80.96014404296875
2026-01-29,80.98943328857422
2026-01-30,81.05780792236328
2026-02-02,81.01862335205078
2026-02-03,81.00883483886719
2026-02-04,81.04801940917969
2026-02-05,81.17536926269531
2026-02-06,81.17536926269531
2026-02-09,81.19496154785156
2026-02-10,81.24394989013672
2026-02-11,81.16558074951172
2026-02-12,81.24394989013672
2026-02-13,81.37129211425781
2026-02-17,81.3419189453125
2026-02-18,81.29293823242188
2026-02-19,81.29293823242188
2026-02-20,81.30272674560547
2026-02-23,81.37129211425781
2026-02-24,81.37129211425781
2026-02-25,81.3517074584961
2026-02-26,81.381103515625
2026-02-27,81.48886108398438
2026-03-02,81.34447479248047
2026-03-03,81.33466339111328
2026-03-04,81.28553009033203
2026-03-05,81.22660064697266
2026-03-06,81.2658920288086
2026-03-09,81.30516815185547
2026-03-10,81.25607299804688
2026-03-11,81.17747497558594
2026-03-12,81.03996276855469
2026-03-13,81.08907318115234
2026-03-16,81.18730163574219
2026-03-17,81.19712829589844
2026-03-18,81.0497817993164
2026-03-19,81.03013610839844
2026-03-20,80.85330963134766
2026-03-23,80.97119903564453
2026-03-24,80.85330963134766
2026-03-25,80.94172668457031
2026-03-26,80.7649154663086
2026-03-27,80.93190002441406
2026-03-30,81.03996276855469
2026-03-31,81.10871124267578
2026-04-01,81.10575866699219
2026-04-02,81.1451644897461
2026-04-06,81.06634521484375
2026-04-07,81.12545776367188
2026-04-08,81.20428466796875
2026-04-09,81.22399139404297
2026-04-10,81.1944351196289
2026-04-13,81.25355529785156
2026-04-14,81.31266021728516
2026-04-15,81.29296112060547
2026-04-16,81.2634048461914
2026-04-17,81.42103576660156
2026-04-20,81.38162994384766
2026-04-21,81.2634048461914
2026-04-22,81.30280303955078
2026-04-23,81.2634048461914
2026-04-24,81.3520736694336
2026-04-27,81.3323745727539
2026-04-28,81.2831039428711
2026-04-29,81.17472839355469
2026-04-30,81.2634048461914
2026-05-01,81.2762451171875
2026-05-04,81.17743682861328
2026-05-05,81.21695709228516
2026-05-06,81.32565307617188
2026-05-07,81.25648498535156
2026-05-08,81.32565307617188
