date,port_ret,equity,turnover,cost
2022-09-30,0.024430966605393338,1.0244309666053932,0.0,0.0
2022-10-03,0.03244761016234053,1.0576713032480347,0.20348389829593233,0.00020348389829593234
2022-10-04,-0.0031557504451526575,1.0543335565619845,0.21608117880591177,0.00021608117880591177
2022-10-05,-0.007596709697106588,1.046324090608865,0.12155227486400022,0.00012155227486400022
2022-10-06,-0.03951377336542839,1.0049798776257584,0.12648924739066703,0.00012648924739066704
2022-10-07,-0.0065797705833634925,0.9983673405900841,0.44979369701114336,0.0004497936970111434
2022-10-10,-0.013625406418515075,0.9847641798195722,0.3303558295831248,0.0003303558295831248
2022-10-11,0.0006136298190514203,0.9853684604850431,0.12262467782248282,0.00012262467782248282
2022-10-12,0.022535037038204746,1.0075737752383522,0.07646968566685644,7.646968566685644e-05
2022-10-13,-0.030195973687774637,0.9771491040327632,0.134939721348849,0.000134939721348849
2022-10-14,0.03373616475226146,1.0101143671939372,0.38900499520356097,0.000389004995203561
2022-10-17,0.003104808240160629,1.0132505786047055,0.22267013452010787,0.00022267013452010787
2022-10-18,-0.006548363560206037,1.0066154454384126,0.265170270106569,0.000265170270106569
2022-10-19,-0.0018158260947681944,1.0047876068451889,0.1164406454552026,0.0001164406454552026
2022-10-20,0.017424238488189907,1.0222952657368372,0.14106292177744967,0.00014106292177744968
2022-10-21,0.008721364310661119,1.0312110751823922,0.12970764876287283,0.00012970764876287283
2022-10-24,0.022618355870934005,1.054535374258916,0.26615565976024924,0.00026615565976024927
2022-10-25,-0.026352036237774365,1.0267462198624302,0.17013452007452523,0.00017013452007452523
2022-10-26,-0.007463396697628786,1.0190832055158061,0.7572208130695736,0.0007572208130695735
2022-10-27,0.012908172661853623,1.0322377074893994,0.7356104921415749,0.0007356104921415749
2022-10-28,-0.0007723035361336082,1.031440506657775,0.6689282273776974,0.0006689282273776975
2022-10-31,-0.009300440860064919,1.021847655224929,0.9448943159287698,0.0009448943159287698
2022-11-01,-0.03423627605263011,0.9868633968169155,0.2906291511316928,0.0002906291511316928
2022-11-02,-0.017168030268888388,0.9699208961491047,0.24135782436382555,0.00024135782436382556
2022-11-03,0.0271517571284724,0.9962559527551756,0.15095750498694735,0.00015095750498694734
2022-11-04,0.01545029104054281,1.0116483971761163,0.209048099634699,0.00020904809963469902
2022-11-07,-0.002957331007534784,1.0086566180024246,0.24859222609058296,0.00024859222609058295
2022-11-08,-0.019525956919269626,0.9889616323329731,0.30566447166556876,0.0003056644716655688
2022-11-09,0.07958877325550417,1.0676718754471155,0.4786771406693889,0.0004786771406693889
2022-11-10,-0.008151567016560314,1.0589686766027118,1.467388542369008,0.001467388542369008
2022-11-11,-0.012764589980770647,1.0454513756433987,1.4945721455050451,0.001494572145505045
2022-11-14,0.01062585347665078,1.0565601887779486,0.3115934034278572,0.0003115934034278572
2022-11-15,-0.00893872372388616,1.0471158891528054,0.2541073815764828,0.0002541073815764828
2022-11-16,-0.003748606430599645,1.0431906637971442,0.30374840927144764,0.00030374840927144763
2022-11-17,-0.001244880232091118,1.041892016361481,0.26278907392814643,0.00026278907392814646
2022-11-18,-0.017889055085724793,1.0232535526874136,0.20912444756951787,0.00020912444756951786
2022-11-21,0.01714183532390114,1.0407939965821782,0.24266991958191098,0.000242669919581911
2022-11-22,0.011417006556152236,1.0526767484647608,0.30465996471982404,0.00030465996471982403
2022-11-23,-0.007582810247759297,1.0446945004289243,0.4353144912810035,0.0004353144912810035
2022-11-25,-0.017164488601947133,1.0267628535837952,0.19906276729913344,0.00019906276729913345
2022-11-28,-0.004723909239737371,1.0219125190527314,0.18207098126714694,0.00018207098126714693
2022-11-29,0.05113864427604105,1.0741717398458022,0.18076569957950395,0.00018076569957950394
2022-11-30,-0.00041924645303789877,1.0737213971539183,0.7334122121089255,0.0007334122121089255
2022-12-01,9.816802278124189e-05,1.0738268022604949,0.6812647707023722,0.0006812647707023723
2022-12-02,-0.01558020711633225,1.0570963582742077,0.22704847191415212,0.0002270484719141521
2022-12-05,-0.025905762278410217,1.0297114713113829,0.13638670055731128,0.00013638670055731128
2022-12-06,-0.0048643491857466754,1.0247025951543554,0.3673133195994689,0.0003673133195994689
2022-12-07,0.01533126067727283,1.0404125777573447,0.3308846160630844,0.0003308846160630844
2022-12-08,-0.004768177437207681,1.0354517059786952,0.4949598603077203,0.0004949598603077204
2022-12-09,0.009861359698332286,1.045662667701603,0.32180573716918864,0.00032180573716918863
2022-12-12,0.02321757319168597,1.0699404172227784,0.14937772729354604,0.00014937772729354604
2022-12-13,-0.0045047142387258255,1.0651206413907268,0.1634961830993526,0.0001634961830993526
2022-12-14,-0.036683393055438156,1.0260484022511305,0.1958602703709621,0.0001958602703709621
2022-12-15,-0.010211241898443656,1.0155711738162325,0.27191779311478514,0.00027191779311478516
2022-12-16,-0.020534394836863933,0.9947170343481526,0.2373861100581494,0.0002373861100581494
2022-12-19,0.006064193243850831,1.00074919066739,0.2065103416654564,0.0002065103416654564
2022-12-20,0.013803660943084464,1.0145631931844288,0.2002151530813584,0.00020021515308135841
2022-12-21,-0.02230380503328297,0.9919345735296983,0.22845544138624235,0.00022845544138624236
2022-12-22,0.003960340929479745,0.995862972620614,0.24590665281632895,0.00024590665281632893
2022-12-23,-0.01746994658817112,0.9784652996797945,0.11794990062351679,0.0001179499006235168
2022-12-27,-0.012226809921137083,0.9665017904461811,0.11760795982576944,0.00011760795982576944
2022-12-28,0.024442502324367447,0.9901255127056673,0.08905802382937039,8.905802382937039e-05
2022-12-29,-0.0010571785941417796,0.9890787732081212,0.2634744088405487,0.0002634744088405487
2022-12-30,0.00548011844470143,0.9944990420364418,0.12010569574140931,0.00012010569574140931
2023-01-03,0.0023440767597489648,0.996830224128472,0.13639137738604998,0.00013639137738604998
2023-01-04,-0.012391016272542962,0.9844784846003335,0.1909821770178467,0.0001909821770178467
2023-01-05,0.021558383965704905,1.005702249777323,0.17560626235415924,0.00017560626235415926
2023-01-06,0.005460116333360458,1.0111935010578295,0.2862096900324318,0.0002862096900324318
2023-01-09,0.012732538400492693,1.0240685611403768,0.23114673596241617,0.00023114673596241617
2023-01-10,0.023591031510381662,1.0482273948350305,0.1673430931482487,0.0001673430931482487
2023-01-11,0.01613241022020887,1.0651378291725702,0.10578961538844911,0.00010578961538844912
2023-01-12,0.017415309151987746,1.0836875337570875,0.1249088130656668,0.0001249088130656668
2023-01-13,0.011729556792682165,1.0963987082298128,0.24347583822248062,0.00024347583822248063
2023-01-17,-0.014516128015866759,1.0804832442247179,0.18261516775823067,0.00018261516775823066
2023-01-18,-0.0010934555172941209,1.0793017838599765,0.23856000633537316,0.00023856000633537316
2023-01-19,0.03071120528921346,1.1124484425131147,0.33650681193430493,0.0003365068119343049
2023-01-20,0.01489461081221544,1.1290179291130027,0.4248295884186352,0.0004248295884186352
2023-01-23,-0.0055471676739873394,1.1227550773532748,0.4713382070455877,0.0004713382070455877
2023-01-24,-0.0022892469953721467,1.120184813665905,0.31134543047433705,0.00031134543047433704
2023-01-25,0.01881790437861358,1.141264344375845,0.19674270840406072,0.00019674270840406072
2023-01-26,0.01210783884247211,1.1550825891342071,0.3010679761310724,0.00030106797613107237
2023-01-27,-0.024864287944431733,1.1263622830383744,0.2938478633957662,0.0002938478633957662
2023-01-30,0.01538045133359892,1.1436862433166475,0.19798439028970932,0.00019798439028970933
2023-01-31,0.018268453630358422,1.1645796224203564,0.2221619059454918,0.0002221619059454918
2023-02-01,0.04590007250652118,1.218033911529068,0.2557475801577608,0.00025574758015776077
2023-02-02,-0.012850395717768625,1.2023816937682579,0.5573096083464348,0.0005573096083464348
2023-02-03,-0.01043995024724142,1.1898288887071233,0.6835122311408652,0.0006835122311408653
2023-02-06,0.022695007063315547,1.2168320637404684,0.379871129775105,0.000379871129775105
2023-02-07,-0.007694300842242796,1.207469391767562,0.48631923251411935,0.00048631923251411937
2023-02-08,-0.013549622360882939,1.1911086374967865,0.4310459718495935,0.0004310459718495935
2023-02-09,-0.010341977490000232,1.17879021877965,0.4884177024007445,0.0004884177024007446
2023-02-10,0.01391042116141959,1.195187687183837,0.1344199282604408,0.0001344199282604408
2023-02-13,0.0026200452720960303,1.1983191330329104,0.5288156005261305,0.0005288156005261305
2023-02-14,-0.0008943571013596859,1.1972474078065873,0.6307014466839728,0.0006307014466839728
2023-02-15,-0.007979632846124407,1.1876938130663166,0.7013644469101327,0.0007013644469101327
2023-02-16,-0.0057638731968361655,1.1808480965311356,0.514556330452836,0.000514556330452836
2023-02-17,-0.021435562293791354,1.1555359535984375,0.226912946331204,0.00022691294633120403
2023-02-21,-0.00014177480696060183,1.15537212771168,0.19635499981983479,0.0001963549998198348
2023-02-22,0.014750199995483444,1.1724140976646347,0.1901024745861623,0.0001901024745861623
2023-02-23,-0.009596772854759539,1.1611627058776293,0.46724892279655544,0.00046724892279655545
2023-02-24,0.004624418491013305,1.1665324081657649,0.46142413898494,0.00046142413898494003
2023-02-27,-0.0005385008197087472,1.1659042295077509,0.25383630486227743,0.0002538363048622774
2023-02-28,-0.007276901979730589,1.1574200587118695,0.23871274230439332,0.00023871274230439333
2023-03-01,0.008412998965604662,1.1671574324685827,0.18740309462880667,0.00018740309462880666
2023-03-02,0.016958656731977252,1.1869508547179934,0.28648562071546985,0.00028648562071546986
2023-03-03,0.0026126936469952023,1.1900519936754108,0.6853823785584201,0.0006853823785584201
2023-03-06,-0.011171571003952023,1.1767572433296714,0.6420028838270991,0.0006420028838270991
2023-03-07,0.0036517274511661496,1.1810544400584968,0.1896895411873676,0.00018968954118736762
2023-03-08,-0.022564417349048696,1.15440463476107,0.2274407593041127,0.0002274407593041127
2023-03-09,-0.008939169080426803,1.1440852165437123,0.24674745856875285,0.00024674745856875286
2023-03-10,0.03290577268279994,1.1817322246090516,0.1820507281351851,0.0001820507281351851
2023-03-13,0.01580942458170807,1.2004147310897824,0.6575561194911422,0.0006575561194911422
2023-03-14,0.0073446417655184,1.2092313472596878,0.5685597976976495,0.0005685597976976495
2023-03-15,0.029337301859823098,1.2447069323126059,0.7287354056764004,0.0007287354056764003
2023-03-16,-0.007705737220806997,1.235115547775288,0.15607941161334932,0.00015607941161334933
2023-03-17,-0.0015945157205488453,1.2331461366176661,0.48050059309597076,0.0004805005930959708
2023-03-20,0.01554310266716886,1.2523130536227371,0.5774066363023828,0.0005774066363023828
2023-03-21,-0.01403845015109912,1.2347325192458836,0.42427536568398627,0.0004242753656839863
2023-03-22,0.01389994016055544,1.2518952273776933,0.3973519167548538,0.00039735191675485383
2023-03-23,-0.0034612475397203715,1.2475621081019446,0.5486569269613855,0.0005486569269613855
2023-03-24,-0.007640862414639312,1.23802965768022,0.46872222770381305,0.0004687222277038131
2023-03-27,-0.006263864875731833,1.2302748071923626,0.3082348152666387,0.0003082348152666387
2023-03-28,0.018405862861567087,1.2529190765755862,0.20814540712527135,0.00020814540712527137
2023-03-29,0.005588003621520041,1.2599203929129623,0.3869573958597415,0.0003869573958597415
2023-03-30,0.015147459440749838,1.2790049859631851,0.40248575812786447,0.0004024857581278645
2023-03-31,-0.0002299126261108663,1.2787109265680534,0.15224659707489713,0.00015224659707489713
2023-04-03,0.0014218473638555615,1.2805290583281277,0.15996257873492714,0.00015996257873492715
2023-04-04,-0.005740561355915629,1.2731781027007623,0.13196110203320474,0.00013196110203320474
2023-04-05,0.012428503236567467,1.2890018008709054,0.32107726215043036,0.0003210772621504304
2023-04-06,0.006483327007230543,1.2973588210588607,0.3889843024978592,0.0003889843024978592
2023-04-10,-0.00886468550719007,1.285858143120195,0.5234115497339094,0.0005234115497339093
2023-04-11,-0.00738762233107316,1.276358708787488,0.3714059533378492,0.0003714059533378492
2023-04-12,0.017171964110799652,1.2982762947272932,0.07626075094375083,7.626075094375083e-05
2023-04-13,0.016080165331647696,1.3191527921926671,0.41554595016674295,0.00041554595016674294
2023-04-14,-0.010792022610404664,1.3049164654327454,0.7738437682844747,0.0007738437682844746
2023-04-17,0.00613841632754888,1.312926585970245,0.34978327936818127,0.00034978327936818125
2023-04-18,-0.002532516603201487,1.3096015775924907,0.31487302771403053,0.0003148730277140305
2023-04-19,-0.00971865326316034,1.2968740139469814,0.18800873121459014,0.00018800873121459013
2023-04-20,-0.0016267625019635973,1.2947643079313216,0.15610020529207932,0.00015610020529207932
2023-04-21,-6.87737128644718e-05,1.2946752621825808,0.1415631334336843,0.00014156313343368428
2023-04-24,-0.016107566759226713,1.2738211939654553,0.1206823790827565,0.0001206823790827565
2023-04-25,0.012422109565066529,1.289644740403198,0.19986329706400252,0.00019986329706400251
2023-04-26,0.031368867446695876,1.3300994353182345,0.4433709569678406,0.00044337095696784064
2023-04-27,-0.00036046711513459555,1.329619978211943,0.6983405757900077,0.0006983405757900078
2023-04-28,-0.0008549091488272194,1.3284832739281063,0.6565024941519959,0.0006565024941519959
2023-05-01,-0.005887419850607786,1.3206619351299815,0.12897441751133623,0.00012897441751133623
2023-05-02,-0.0071655404186977655,1.3111986786543721,0.23922878428083247,0.00023922878428083246
2023-05-03,-0.006895000245544438,1.3021579634430926,0.19166367046134516,0.00019166367046134517
2023-05-04,0.018790546253159693,1.3266262228840904,0.14435484921202862,0.00014435484921202863
2023-05-05,-0.007979321557852014,1.3160406456646196,0.5949494417645543,0.0005949494417645543
2023-05-08,-0.006477390178174405,1.3075161369123134,0.789152271901577,0.000789152271901577
2023-05-09,0.011580706719814489,1.3226580978253197,0.1511481522060284,0.0001511481522060284
2023-05-10,-0.005013370381402661,1.3160271228929599,0.4410529753914094,0.00044105297539140945
2023-05-11,-0.008011717908742019,1.3054834848240882,0.4657891101692547,0.0004657891101692547
2023-05-12,0.0061498467433505725,1.3135120081817315,0.28028238109884274,0.0002802823810988427
2023-05-15,0.003656005737896557,1.31831421562044,0.24207424057086438,0.0002420742405708644
2023-05-16,0.016453791053590034,1.340005482267236,0.3804415291384855,0.0003804415291384855
2023-05-17,0.010521777572083646,1.3541047218970246,0.34623546624261303,0.00034623546624261306
2023-05-18,-0.003979424434311891,1.3487161644800905,0.21853430811472171,0.00021853430811472172
2023-05-19,-0.0003394422652684169,1.3482583532100152,0.28196243295222384,0.00028196243295222384
2023-05-22,-0.004783508159479881,1.3418089483763482,0.3909299536104062,0.0003909299536104062
2023-05-23,-0.008281924472415571,1.3306961880094839,0.20901354148839044,0.00020901354148839045
2023-05-24,0.02321676072514615,1.361590643004364,0.20042678614873183,0.00020042678614873183
2023-05-25,-0.0001631515801323296,1.3613684973394644,0.9354068893110082,0.0009354068893110083
2023-05-26,0.011874123890762915,1.377533555537855,0.9351066607879446,0.0009351066607879445
2023-05-30,-0.009291230471796431,1.3647345737907195,0.6245656598481799,0.0006245656598481799
2023-05-31,0.013937866131059995,1.3837560615846438,0.2059597939609559,0.0002059597939609559
2023-06-01,0.007933629669910264,1.3947342697307499,0.5593466338520434,0.0005593466338520434
2023-06-02,-0.009881828959617806,1.3809517442331531,0.5042182161494149,0.0005042182161494148
2023-06-05,0.005458864835381191,1.388490173149106,0.38198642421570095,0.00038198642421570094
2023-06-06,-0.02183591028357967,1.35817122629859,0.2631172085009008,0.00026311720850090084
2023-06-07,0.00926782885959616,1.3707585247859533,0.23949113996291158,0.00023949113996291158
2023-06-08,-0.000775323021841715,1.369695744144301,0.6765599025926388,0.0006765599025926387
2023-06-09,0.0014501024050934956,1.371681943237131,0.555902150268731,0.000555902150268731
2023-06-12,0.0010015465502722632,1.3730557465554507,0.3587603475898504,0.0003587603475898504
2023-06-13,-0.005666431740889864,1.3652754198911576,0.46652918774745944,0.00046652918774745943
2023-06-14,0.014449352733135312,1.3850027660110444,0.20227517652947125,0.00020227517652947124
2023-06-15,0.0026529410081494557,1.3886770966453956,0.4621738210054622,0.00046217382100546226
2023-06-16,0.015388671619594532,1.4100469924713237,0.37149745260879985,0.00037149745260879987
2023-06-20,0.003365642431320019,1.4147927064593404,0.16636375097327116,0.00016636375097327116
2023-06-21,0.0055358831388448385,1.4226248335479892,0.23535942431189874,0.00023535942431189875
2023-06-22,0.006822198453152484,1.4323302624868366,0.6713055034032726,0.0006713055034032726
2023-06-23,-0.017259338445034064,1.407609189721512,0.7781496312505076,0.0007781496312505076
2023-06-26,0.013833137062814293,1.4270808405738065,0.24338878777826162,0.00024338878777826163
2023-06-27,-0.002493905191337413,1.4235218362570412,0.8279902395106821,0.0008279902395106821
2023-06-28,0.003628616457159084,1.4286872510192088,0.6790547762066126,0.0006790547762066126
2023-06-29,0.015292836965358181,1.4505359322235314,0.4448660481721163,0.0004448660481721163
2023-06-30,0.0032551928212013284,1.4552577063769998,0.7850177520446394,0.0007850177520446394
2023-07-03,-0.0013853886279858348,1.4532416088997964,0.4938571824046402,0.0004938571824046402
2023-07-05,-0.008643671653920219,1.4406802655986517,0.2953115282784012,0.0002953115282784012
2023-07-06,0.0027733433351764913,1.4446757666113699,0.3342893470007517,0.0003342893470007517
2023-07-07,-0.004760085591771625,1.4377989863099414,0.2088785407321488,0.0002088785407321488
2023-07-10,0.006017336326050906,1.4464507063798235,0.23094267520480571,0.0002309426752048057
2023-07-11,0.011190132169693612,1.4626366809611606,0.21374756974047465,0.00021374756974047466
2023-07-12,0.016001947992631035,1.4860417170620155,0.30412611109836946,0.0003041261110983695
2023-07-13,-0.008749225916632053,1.4730400023579,0.4775170128176181,0.0004775170128176181
2023-07-14,0.0038523367605474597,1.4787146485087401,0.7655819712037513,0.0007655819712037513
2023-07-17,0.006404880256820755,1.4881856387664456,0.3502357945944877,0.0003502357945944877
2023-07-18,0.00038718442752014743,1.488761841071035,0.47732886512885125,0.00047732886512885127
2023-07-19,-0.01612211869419378,1.4647598459619013,0.4193959206978284,0.0004193959206978284
2023-07-20,-0.011006279632574893,1.4486382895026773,0.638875312874807,0.000638875312874807
2023-07-21,-0.00300793241273553,1.4442808834373524,0.5650333309831271,0.0005650333309831271
2023-07-24,0.007341434375439164,1.454883976762809,0.3868640549480915,0.0003868640549480915
2023-07-25,0.008535193229921627,1.4673016926315963,0.5141705367714167,0.0005141705367714167
2023-07-26,-0.0016836013203085276,1.4648313415645908,0.5681982412934303,0.0005681982412934303
2023-07-27,0.0065396451477658145,1.4744108187397489,0.6153277626581891,0.0006153277626581891
2023-07-28,0.003523901993109382,1.479606497962568,0.7412678399208696,0.0007412678399208696
2023-07-31,-0.0015310635503665753,1.477341126384652,0.7025169234587003,0.0007025169234587003
2023-08-01,-0.02478046758643674,1.4407319224881674,0.3600889537342175,0.0003600889537342175
2023-08-02,0.00044858463354949355,1.44137821268966,0.28080081532918744,0.00028080081532918746
2023-08-03,0.004865320973152679,1.448390980338104,0.2622058598712534,0.0002622058598712534
2023-08-04,0.0008247870496879431,1.4495855944615719,0.5861296506881953,0.0005861296506881954
2023-08-07,-0.0028635576172193686,1.44543462259074,0.8575730729518665,0.0008575730729518665
2023-08-08,-0.017796080978090704,1.4197115509985792,0.5498098873050699,0.0005498098873050699
2023-08-09,-0.0009843271362552947,1.4183140903932763,0.21834367840749033,0.00021834367840749033
2023-08-10,-0.00836670465728412,1.406447475287691,0.1575652386249066,0.0001575652386249066
2023-08-11,0.019180014276600068,1.433423157942997,0.169649624336126,0.000169649624336126
2023-08-14,-0.008564014948216066,1.4211473005912543,0.3927281804640126,0.0003927281804640126
2023-08-15,-0.010748994389696485,1.4058713962302667,0.3194811959128607,0.00031948119591286074
2023-08-16,-0.016848245697098432,1.3821849295280564,0.16079081108084292,0.00016079081108084293
2023-08-17,-0.004749137824366503,1.3756207427989653,0.16022162715981791,0.00016022162715981792
2023-08-18,0.019809149898190263,1.4028706202961299,0.17038097015264447,0.00017038097015264448
2023-08-21,-0.0033675205236842146,1.398146424690209,0.29202834268683553,0.0002920283426868355
2023-08-22,0.015520443217337782,1.4198462768841371,0.18877199234329592,0.00018877199234329593
2023-08-23,-0.015463004612155334,1.3978911873561262,0.27303474872218525,0.00027303474872218523
2023-08-24,-0.0004497137710093057,1.3972625364387996,0.35305332792122335,0.00035305332792122336
2023-08-25,0.00566427676890062,1.405177018164005,0.20901414909137173,0.00020901414909137172
2023-08-28,0.024418458220964914,1.439489274475103,0.36795104418196034,0.0003679510441819603
2023-08-29,-0.00040440796225641064,1.4389071335509227,0.2639036829131763,0.00026390368291317627
2023-08-30,-0.004841342592678966,1.4319408911583529,0.3690157239906464,0.00036901572399064645
2023-08-31,-0.002728073068654757,1.4280344517772783,0.17937394017606864,0.00017937394017606865
2023-09-01,0.0021460892632234,1.4310991411817506,0.31503410724995873,0.00031503410724995876
2023-09-05,-0.009769280936152891,1.417118331624059,0.1908400379197737,0.0001908400379197737
2023-09-06,0.0038651781427248674,1.4225957464251069,0.19147647198038864,0.00019147647198038863
2023-09-07,-0.0025553936964645063,1.4189604542220748,0.2941816115677249,0.00029418161156772487
2023-09-08,0.005571318688570192,1.4268659351190243,0.17749958307177346,0.00017749958307177347
2023-09-11,-0.0038493238916770508,1.4213734659847506,0.262180453944501,0.000262180453944501
2023-09-12,0.008586345353663753,1.4335778694402295,0.2485280633488149,0.0002485280633488149
2023-09-13,0.008605584882027536,1.4459146454806935,0.2853487314202288,0.00028534873142022885
2023-09-14,-0.01642608927375765,1.422163922431794,0.23873495934046393,0.00023873495934046394
2023-09-15,0.004904824196099773,1.4291393864493576,0.31932669707525,0.00031932669707525005
2023-09-18,0.001174543697723527,1.4308179731088801,0.18197287082646396,0.00018197287082646397
2023-09-19,-0.01642387473938777,1.4073183979436752,0.24857675127264856,0.00024857675127264856
2023-09-20,-0.01926014224347754,1.3802132454174172,0.146373365703368,0.00014637336570336802
2023-09-21,0.0014623264479759347,1.3822315677500376,0.18361451401157852,0.00018361451401157852
2023-09-22,0.005539232813387521,1.3898880702058185,0.12910303434435916,0.00012910303434435916
2023-09-25,-0.014945857121161537,1.3691150016941154,0.12840274074778893,0.00012840274074778894
2023-09-26,0.001509869327197586,1.3711821864405793,0.13470940930874237,0.00013470940930874236
2023-09-27,0.009657803535279527,1.3844247946082973,0.1056774076437084,0.00010567740764370839
2023-09-28,-0.001947877847701091,1.3817281042190717,0.06357986634546656,6.357986634546655e-05
2023-09-29,0.014318243788695846,1.401512024064973,0.10883205237841251,0.00010883205237841251
2023-10-02,-0.015720197351530622,1.3794799784561285,0.09033342307527392,9.033342307527393e-05
2023-10-03,0.010227387171911299,1.3935884542916992,0.21509835321930976,0.00021509835321930975
2023-10-04,0.00098058973118017,1.3949549928194687,0.10451587256533222,0.00010451587256533223
2023-10-05,0.016456887572110227,1.4179116103044525,0.148864362582402,0.000148864362582402
2023-10-06,0.0028605731038666604,1.4219676501205496,0.1168754770046617,0.00011687547700466169
2023-10-09,0.002459721076816501,1.4254652939201022,0.20144584977020133,0.00020144584977020133
2023-10-10,0.007001474765187457,1.4354456532041342,0.08295645641890206,8.295645641890206e-05
2023-10-11,-0.002061406236250355,1.4324866165828207,0.1847092240364027,0.0001847092240364027
2023-10-12,-0.010540531148107575,1.4173874467814822,0.18978842958924028,0.00018978842958924027
2023-10-13,0.015850021578981632,1.4398530683987463,0.5125783667340343,0.0005125783667340344
2023-10-16,-0.008639010772670493,1.427414162229787,0.5096432821293104,0.0005096432821293104
2023-10-17,-0.015592771309388872,1.405156819634355,0.6574942439280681,0.0006574942439280681
2023-10-18,-0.0021892612444418544,1.4020805642667662,0.3470478725168865,0.0003470478725168865
2023-10-19,-0.00671002019979596,1.392672575358795,0.14970726201102363,0.00014970726201102364
2023-10-20,0.019992001869729804,1.4205148880892893,0.12854889616130522,0.00012854889616130521
2023-10-23,0.0050697575496860305,1.4277165541676213,0.34675462912307775,0.00034675462912307775
2023-10-24,-0.017720542646677072,1.4024166420821271,0.39365116390480337,0.0003936511639048034
2023-10-25,-0.017344966692730657,1.3780917721358814,0.5094742734753931,0.0005094742734753932
2023-10-26,0.0030188434284389087,1.3822520154259794,0.4945578014091546,0.0004945578014091546
2023-10-27,0.012555149928701544,1.3996063967189025,0.4314593859248864,0.0004314593859248864
2023-10-30,0.0018743939807860583,1.4022298105243822,0.35503727125001,0.00035503727125001
2023-10-31,0.018319543143253653,1.42791802003504,0.2311839377542585,0.0002311839377542585
2023-11-01,0.013460697953568204,1.4471387932051891,0.2220145664539876,0.0002220145664539876
2023-11-02,0.009130999317667027,1.460352616538515,0.24362712934279052,0.00024362712934279052
2023-11-03,0.008034096310722823,1.4720852301074014,0.18424023613205906,0.00018424023613205907
2023-11-06,0.006150521409264428,1.481139321831439,0.19429980418220277,0.00019429980418220278
2023-11-07,0.004707472619215499,1.488111744634204,0.2180482041887632,0.0002180482041887632
2023-11-08,-0.0017329054559243368,1.4855329876729024,0.24244584050339812,0.00024244584050339812
2023-11-09,0.017850447460205195,1.5120504162197592,0.30412118346921685,0.00030412118346921684
2023-11-10,-0.0017342270545452829,1.5094281774801144,0.9607324935495853,0.0009607324935495854
2023-11-13,0.009616625972236012,1.5239437836948946,0.8950441421246389,0.0008950441421246389
2023-11-14,0.005496882398153059,1.532320723455262,0.6896158829809768,0.0006896158829809767
2023-11-15,0.014196398964115125,1.5540741597864145,0.8903433772083466,0.0008903433772083465
2023-11-16,0.00029846120680661955,1.5545379906356114,0.6539815768495758,0.0006539815768495758
2023-11-17,0.00819966733686057,1.567284685021335,0.3824518360197544,0.0003824518360197544
2023-11-20,0.0022559343216383963,1.5708203763340527,0.5436965599656105,0.0005436965599656105
2023-11-21,0.006954251913887072,1.5817442569425464,0.7413029332150375,0.0007413029332150375
2023-11-22,-0.006524940928693933,1.5714234691016955,0.7354728668205891,0.0007354728668205891
2023-11-24,0.000370532400784612,1.5720057324123509,0.5356460195034742,0.0005356460195034742
2023-11-27,0.0017078511856650931,1.5746904842663239,0.34286792017519474,0.00034286792017519473
2023-11-28,-0.005048259230033735,1.56674103849468,0.300936970859766,0.00030093697085976603
2023-11-29,-0.008465689641540177,1.5534774951141197,0.36910550110042095,0.000369105501100421
2023-11-30,0.0011376803934223215,1.5552448560019336,0.17531117051839828,0.0001753111705183983
2023-12-01,-0.009911173808916842,1.5398305539186747,0.43019641898756755,0.00043019641898756755
2023-12-04,-0.0010828336259009023,1.538163173616702,0.45756504286504934,0.00045756504286504935
2023-12-05,-0.008653646479200292,1.5248524532848984,0.7190865957586725,0.0007190865957586725
2023-12-06,0.014941230384955125,1.547635625092492,0.3457734838755485,0.00034577348387554853
2023-12-07,0.005882369318667227,1.5567393894100123,0.3094577373602526,0.0003094577373602526
2023-12-08,-0.014604260413925525,1.534004361970453,0.37552252411842346,0.00037552252411842345
2023-12-11,0.008532187246847607,1.547092774424266,0.2795099765062332,0.00027950997650623324
2023-12-12,0.003080115369234583,1.5518579986564018,0.4612261038273573,0.0004612261038273573
2023-12-13,-0.0037340327482359094,1.546063310068807,0.5292463536128795,0.0005292463536128796
2023-12-14,0.0038671345406563777,1.5520421448972157,0.6552956977567771,0.0006552956977567771
2023-12-15,0.016752730950156506,1.5780430893739825,0.42920166067779064,0.0004292016606777907
2023-12-18,-0.000394277834885674,1.5774209019613479,0.33032456785440445,0.00033032456785440445
2023-12-19,-0.0017885175460232935,1.5745996570007261,0.3920660266215322,0.00039206602662153223
2023-12-20,0.010357680062893733,1.590908856475082,0.4276582356034906,0.0004276582356034906
2023-12-21,0.000646159702842396,1.5919368376690313,0.7515266444534063,0.0007515266444534063
2023-12-22,-0.004323113346702838,1.5850547142789964,0.48977513387534655,0.0004897751338753466
2023-12-26,0.0028536128595434873,1.589577846794743,0.18265548256574904,0.00018265548256574904
2023-12-27,-0.0008321950609755172,1.5882550079616042,0.24259238063997077,0.00024259238063997077
2023-12-28,-0.004662330210002181,1.5808500386567976,0.14872724562883377,0.00014872724562883376
2023-12-29,-0.0029557707435360022,1.576177408362618,0.1445446666330099,0.00014454466663300992
2024-01-02,0.0039040798085235363,1.5823309307572575,0.677241114598995,0.0006772411145989951
2024-01-03,-0.003898042026228549,1.5761629382897644,0.5541442847283446,0.0005541442847283446
2024-01-04,0.0029776822208262064,1.580856250648235,0.29448075219988823,0.0002944807521998882
2024-01-05,0.024910074287843764,1.620235497290285,0.2349645458161831,0.0002349645458161831
2024-01-08,0.004182370305566549,1.6270119221221768,0.7174428626894951,0.0007174428626894951
2024-01-09,0.015522712901000275,1.652267561075784,0.7941722601855813,0.0007941722601855813
2024-01-10,0.0020990030048865576,1.6557356756513588,0.29624770162039965,0.00029624770162039966
2024-01-11,-0.008837228417821254,1.641103561286092,0.2832856102393246,0.0002832856102393246
2024-01-12,0.0018615367476621009,1.6441585358721453,0.15128879713905874,0.00015128879713905875
2024-01-16,-0.005502355652488663,1.6351117908587016,0.3161332075038844,0.0003161332075038844
2024-01-17,0.007755924021002472,1.6477935936744472,0.2976519279181957,0.00029765192791819575
2024-01-18,0.0028543984545511673,1.652497053161651,0.7738128770142794,0.0007738128770142794
2024-01-19,-0.008398864349382588,1.6386179545743917,0.5727372468543479,0.0005727372468543479
2024-01-22,0.005756782375899165,1.6480511215361178,0.5836263408834984,0.0005836263408834985
2024-01-23,0.005948701408007135,1.6578548855632673,0.29106497201639253,0.00029106497201639256
2024-01-24,0.0017675664561699002,1.6607852542481862,0.3708996959030628,0.0003708996959030628
2024-01-25,0.006972439001188867,1.6723649781275058,0.4541054144501686,0.00045410541445016863
2024-01-26,0.005400134065388043,1.681395973215654,0.48645682260394096,0.000486456822603941
2024-01-29,-0.003013127058229494,1.6763297135131598,0.5607905313372612,0.0005607905313372612
2024-01-30,-0.009665813531145064,1.6601266230856238,0.7840795840123801,0.0007840795840123801
2024-01-31,0.008292997626122608,1.6738940492299357,0.4388103676105357,0.00043881036761053574
2024-02-01,-0.025388499296521337,1.6313963913386103,0.9028866961598396,0.0009028866961598396
2024-02-02,0.00604422161485842,1.641256912669541,0.5255393425034857,0.0005255393425034856
2024-02-05,-0.003023103134435648,1.6362952237524355,1.2896523884103168,0.0012896523884103168
2024-02-06,0.014478777187948705,1.6599867777108517,0.6759063643571996,0.0006759063643571997
2024-02-07,0.0023970806650331377,1.663965899919913,0.6745907133873416,0.0006745907133873416
2024-02-08,0.017271611901684088,1.6927052731609662,0.6512189862706383,0.0006512189862706384
2024-02-09,0.01338183807342768,1.7153567810324433,0.4964139592233339,0.0004964139592233339
2024-02-12,-0.00830773274673795,1.7011060553303212,0.525672483135989,0.000525672483135989
2024-02-13,0.016046279463255084,1.7284024784907868,0.2518050715045167,0.0002518050715045167
2024-02-14,-0.00491694967130628,1.7199040104922865,0.9422784795412311,0.0009422784795412311
2024-02-15,-0.000375192354244376,1.7192587156575156,0.6769406346611219,0.0006769406346611218
2024-02-16,-0.0027511015826817186,1.714528860283831,0.735043938710821,0.000735043938710821
2024-02-20,-0.00434674153357683,1.707076246476319,0.3495884094888691,0.0003495884094888691
2024-02-21,0.030250734251015897,1.7587165563546958,0.1941881976409533,0.0001941881976409533
2024-02-22,-0.0035461669920780828,1.7524798537541295,1.1582836967742765,0.0011582836967742765
2024-02-23,0.004104734664490148,1.7596733185586548,0.9262342682680262,0.0009262342682680262
2024-02-26,0.0017510912109819756,1.7627546670409824,0.5337221343070269,0.0005337221343070269
2024-02-27,0.017364973325571582,1.793364854813676,0.5487038367407724,0.0005487038367407724
2024-02-28,0.0024057446622519772,1.7976792327406146,0.3146213193195403,0.0003146213193195403
2024-02-29,0.002945884614609116,1.8029749883343476,0.5999839148838136,0.0005999839148838137
2024-03-01,-0.0012173031410016352,1.8007802212179007,0.678785054013133,0.000678785054013133
2024-03-04,-0.012243908368673624,1.778731633197189,0.9299494028091431,0.000929949402809143
2024-03-05,0.010071411854695421,1.7966459720540928,0.4766881347202218,0.0004766881347202218
2024-03-06,0.011348389611350962,1.8170350105386268,0.7171840926643046,0.0007171840926643047
2024-03-07,-0.0007208115947413773,1.8157252706349796,0.6742969168483784,0.0006742969168483785
2024-03-08,-0.0020968548291748473,1.8119179583327938,0.6095242479514721,0.0006095242479514721
2024-03-11,0.014730964731459385,1.838609257873292,0.27843454612184265,0.00027843454612184267
2024-03-12,0.0029281013360659327,1.8439928920977742,0.9007748298118952,0.0009007748298118952
2024-03-13,0.0031602297648973946,1.8498203333216408,0.8434366776227104,0.0008434366776227104
2024-03-14,-0.011014845490184031,1.8294448481655021,0.4404358229671146,0.0004404358229671146
2024-03-15,0.0060165363575411706,1.840451769608606,0.37957718250822,0.00037957718250822
2024-03-18,-0.01014253860026672,1.8217849164934217,0.5540882943807321,0.0005540882943807321
2024-03-19,0.027964892204175508,1.8727309353023531,0.6091630979964057,0.0006091630979964057
2024-03-20,-0.0058384023781083705,1.8617971785561267,0.747951351818319,0.000747951351818319
2024-03-21,0.006303923747412805,1.8735338060028928,0.7929830513894558,0.0007929830513894558
2024-03-22,0.011700425870731923,1.8954549494163397,0.5302212573587894,0.0005302212573587894
2024-03-25,-0.007538985466272849,1.881165142100715,0.8069001440532527,0.0008069001440532528
2024-03-26,-0.0022187625165198824,1.876991283396038,0.3275411350201924,0.0003275411350201924
2024-03-27,-0.003527592617596337,1.8703700228014375,0.4535304771968353,0.0004535304771968353
2024-03-28,0.0025766092169780177,1.8751892354413473,0.4485320065650204,0.0004485320065650204
2024-04-01,-0.010565093702718223,1.855377685458581,0.23868363491248237,0.00023868363491248238
2024-04-02,0.0020332418839466753,1.8591501170791953,0.3313607720485158,0.0003313607720485158
2024-04-03,-0.004064605945980992,1.851593404458844,0.27481800957751595,0.00027481800957751594
2024-04-04,0.01498380891853761,1.87933732622608,0.4798625474614068,0.0004798625474614068
2024-04-05,-0.0074160848145341345,1.8654000012196674,0.7755555755539194,0.0007755555755539194
2024-04-08,0.003125860971027925,1.8712309822788353,0.6210440142713216,0.0006210440142713216
2024-04-09,0.0014351390439166626,1.8739164589216903,0.36110818631542096,0.00036110818631542095
2024-04-10,0.013028050772177821,1.8983299376913418,0.24868336858961645,0.00024868336858961643
2024-04-11,-0.008634172051687292,1.881939430398446,0.6028293716232697,0.0006028293716232696
2024-04-12,-0.021881193278561927,1.8407603499833507,0.6575757112938079,0.0006575757112938079
2024-04-15,-0.0018100777548449762,1.8374284306218451,0.38545181064434814,0.0003854518106443481
2024-04-16,-0.011151855239552595,1.8169376947505118,0.27507314312909104,0.000275073143129091
2024-04-17,0.005623398858586135,1.8271550601092938,0.1715829511456869,0.00017158295114568688
2024-04-18,-0.018370501501650097,1.7935893053338086,0.2656196836066757,0.0002656196836066757
2024-04-19,0.014744587976707557,1.820035040640385,0.22659731015690326,0.00022659731015690327
2024-04-22,0.013859954599181103,1.8452606436725794,0.4061459654162973,0.0004061459654162973
2024-04-23,-0.001861417152011572,1.8418258438605153,0.3449129513069727,0.0003449129513069727
2024-04-24,-0.018589441919450694,1.807587329310327,0.20866276827712163,0.00020866276827712164
2024-04-25,0.016847155545049355,1.8380400342084784,0.21449539240307214,0.00021449539240307215
2024-04-26,0.007943897578940049,1.852641235986222,0.6466322261439211,0.0006466322261439211
2024-04-29,-0.022803882758259234,1.8103938224476757,0.6606884920442117,0.0006606884920442117
2024-04-30,-0.0018402507788763277,1.8070622438058435,0.21811886648160334,0.00021811886648160335
2024-05-01,0.014116699813396175,1.8325719990457727,0.5883842527669324,0.0005883842527669324
2024-05-02,0.021677247708123466,1.872297116212059,0.6489846209962532,0.0006489846209962532
2024-05-03,0.014903228670716908,1.9002003882744911,0.668494762852788,0.0006684947628527879
2024-05-06,-0.003801396480458177,1.8929769732063393,0.5694569901378064,0.0005694569901378064
2024-05-07,-0.002138681429401098,1.888928498507459,0.3789139483406186,0.0003789139483406186
2024-05-08,0.006177894207346313,1.9005980989364795,0.32590660022878676,0.00032590660022878675
2024-05-09,-0.004556471150815311,1.8919380785293811,0.34760974140584566,0.00034760974140584565
2024-05-10,0.005701720827414975,1.9027253812759117,0.24115116927308988,0.0002411511692730899
2024-05-13,0.0027262988732787304,1.9079127793390431,0.30075849922797815,0.00030075849922797817
2024-05-14,0.026009700487619376,1.9575370192861532,0.3626151803459353,0.00036261518034593534
2024-05-15,-0.0037318978391992245,1.9502316911137267,0.2757462713218242,0.0002757462713218242
2024-05-16,0.0021689809967277043,1.9544617065909686,0.340171054836669,0.000340171054836669
2024-05-17,0.013465882795669685,1.9807802588605472,0.2838974822281852,0.00028389748222818525
2024-05-20,-0.00539182009289213,1.9701002480612186,0.509557669708535,0.000509557669708535
2024-05-21,-0.004080031051869643,1.962062177873833,0.24595923550709722,0.00024595923550709724
2024-05-22,0.010505687827344784,1.982674990612416,0.35668654741828815,0.00035668654741828816
2024-05-23,0.01252477584910166,2.007507550451456,0.4465080178307792,0.0004465080178307792
2024-05-24,0.016234499266429097,2.040098430306611,0.6445441159093347,0.0006445441159093347
2024-05-28,-0.005196393070489863,2.0294972769602486,0.4170562479998934,0.00041705624799989337
2024-05-29,-0.013162683580681993,2.0027836464757653,0.35397083328874457,0.0003539708332887446
2024-05-30,-0.0025475236651376285,1.9976815077402177,0.27500174575144354,0.00027500174575144354
2024-05-31,0.013382449858558356,2.0244153803509204,0.19613435461646506,0.00019613435461646506
2024-06-03,0.004604169550816931,2.033736132003338,0.23764058468355861,0.00023764058468355863
2024-06-04,0.016358467060108677,2.0670049375276673,0.2667466142533378,0.0002667466142533378
2024-06-05,0.00014088730953627847,2.067296152292114,0.2849230398710498,0.0002849230398710498
2024-06-06,-0.004677812199662908,2.0576257291306055,0.25311738325117017,0.0002531173832511702
2024-06-07,0.006857721412579734,2.0717363531523394,0.1845855457550979,0.0001845855457550979
2024-06-10,-0.0010730671905096831,2.0695132408443855,0.17072108950434375,0.00017072108950434375
2024-06-11,0.0010462384596742872,2.0716784451897623,0.4264058255372319,0.00042640582553723187
2024-06-12,-0.005443760220235287,2.0604007244807194,0.472757175016563,0.000472757175016563
2024-06-13,0.0011120160547042552,2.0626919231654663,0.3673826256804798,0.0003673826256804798
2024-06-14,0.0034783270111538103,2.0698666401975014,0.29247194930658216,0.00029247194930658217
2024-06-17,-0.0003024508604012749,2.069240607251258,0.3109003695720008,0.0003109003695720008
2024-06-18,0.0005992199758349173,2.0704805375579314,0.3057272666654008,0.0003057272666654008
2024-06-20,-0.008574705656356717,2.052726776381157,0.1950210221781157,0.0001950210221781157
2024-06-21,-0.01778522233265911,2.0162185742750154,0.22780499304086768,0.00022780499304086768
2024-06-24,0.021386889703950293,2.0593392185420907,0.3519568427713773,0.0003519568427713773
2024-06-25,-0.0008806314843597621,2.0575256995892657,0.6115128657959593,0.0006115128657959594
2024-06-26,0.00895517838531743,2.0759512092614627,0.40712635295040955,0.00040712635295040957
2024-06-27,-0.015261081630799056,2.0442699483953675,0.5487096222607156,0.0005487096222607156
2024-06-28,0.015044995801844683,2.075025981186813,0.4204948204517306,0.0004204948204517306
2024-07-01,-0.0009556685205699732,2.073042944177228,0.6000994422269936,0.0006000994422269936
2024-07-02,-0.00010545704077433805,2.072824327202937,0.353363820191998,0.000353363820191998
2024-07-03,0.005285861776335722,2.083780990083158,0.3609211433272101,0.0003609211433272101
2024-07-05,-0.0026879213160704673,2.0781799507418914,0.5328714806085549,0.000532871480608555
2024-07-08,0.005670917639836505,2.089965138083308,0.4820059544688518,0.0004820059544688518
2024-07-09,0.00667718030011073,2.103920212131236,0.14794773858255922,0.00014794773858255923
2024-07-10,-0.009392280086880632,2.08415960421845,0.47479660647690763,0.00047479660647690763
2024-07-11,0.0008657771844655601,2.085964022052567,0.4818584978723958,0.0004818584978723958
2024-07-12,0.020468916545567945,2.1286614455370185,0.5126389937660971,0.0005126389937660971
2024-07-15,-0.004810539469228341,2.118421435636638,0.5208568385487655,0.0005208568385487656
2024-07-16,-0.02031558599695161,2.0753844627831763,0.7742311691834318,0.0007742311691834318
2024-07-17,-0.0012863243914386466,2.0727148451270856,0.5144301456929267,0.0005144301456929267
2024-07-18,-0.0003780675144543564,2.071931218977416,0.632243489615823,0.000632243489615823
2024-07-19,0.013242915642236517,2.09936962932685,0.39258549985767976,0.00039258549985767975
2024-07-22,-0.0017425048914483912,2.09571146747879,0.7364608161151409,0.0007364608161151409
2024-07-23,-0.027786741437281014,2.037478474804812,0.5910715684294701,0.00059107156842947
2024-07-24,-0.01404881201844398,2.0088543227206532,0.49152532257338766,0.0004915253225733876
2024-07-25,0.012412129787027264,2.0337884832974926,0.27540888693159815,0.00027540888693159814
2024-07-26,-0.0030995709988983697,2.0274846114967704,0.388794894986697,0.00038879489498669704
2024-07-29,-0.010342719584463839,2.0065149066982437,0.37435565934186354,0.00037435565934186354
2024-07-30,0.028915562063608208,2.0645344130144316,0.37020080299282443,0.0003702008029928244
2024-07-31,0.011709974793959257,2.0887100589520924,0.9886733437058518,0.0009886733437058518
2024-08-01,-0.029338606207374697,2.0274302170511147,0.784045638198278,0.000784045638198278
2024-08-02,-0.039928995269026685,1.9464769655061989,0.516597792587332,0.000516597792587332
2024-08-05,0.015604179595975909,1.9768501416553876,0.3907272680004357,0.00039072726800043576
2024-08-06,-0.003323144272589322,1.9702807834293783,0.500343438672435,0.0005003434386724351
2024-08-07,0.039982715527415204,2.049057959502368,0.5342304081017654,0.0005342304081017654
2024-08-08,0.004504373323125947,2.05828768151269,0.7877907000511557,0.0007877907000511557
2024-08-09,0.0003488067010585025,2.0590056260487075,0.6630481281881903,0.0006630481281881903
2024-08-12,0.01728398353686477,2.0945934453916455,0.22436396086009452,0.00022436396086009453
2024-08-13,-0.006193697628246216,2.081620166936783,0.2991304738787146,0.00029913047387871463
2024-08-14,0.015191529178752246,2.1132431604418827,0.4583319282476707,0.0004583319282476707
2024-08-15,0.007458420488450523,2.1290046165268004,0.48727017871491946,0.0004872701787149195
2024-08-16,0.013537118179957165,2.157825203626398,0.5551387665404339,0.0005551387665404339
2024-08-19,-0.0028866092648268914,2.151596405401733,0.4933032319008716,0.0004933032319008716
2024-08-20,0.008666699931339105,2.170243645820698,0.33101259611859246,0.00033101259611859247
2024-08-21,-0.013651304706993288,2.140616988523184,0.4144230222892109,0.0004144230222892109
2024-08-22,0.023111832833034657,2.1900905705214857,0.433291698073829,0.00043329169807382903
2024-08-23,-0.0029913858563916478,2.183539164564611,0.7317743055434857,0.0007317743055434857
2024-08-26,-0.009875510755409954,2.1619756000600945,0.785980712388222,0.000785980712388222
2024-08-27,-0.008977219544479659,2.142567070448547,0.36698884434366535,0.00036698884434366536
2024-08-28,-0.009291893642469023,2.1226585651080825,0.23697879621597592,0.00023697879621597593
2024-08-29,0.010191313185616294,2.1442912433312302,0.28619849615983617,0.0002861984961598362
2024-08-30,-0.030128199843526205,2.0796876082294236,0.12688006748487135,0.00012688006748487135
2024-09-03,-0.0050738279057554155,2.0691356312075353,0.2852551299463218,0.0002852551299463218
2024-09-04,0.0009640789806789582,2.0711304413777563,0.3035434497372487,0.0003035434497372487
2024-09-05,-0.03027294230208362,2.0084312290258386,0.16759929375773389,0.0001675992937577339
2024-09-06,0.01908493593011291,2.0467620103518347,0.29989285331475546,0.00029989285331475545
2024-09-09,0.007872307318587719,2.062874749905335,0.3339180374353494,0.0003339180374353494
2024-09-10,0.021346465544790933,2.106909834677409,0.28863995518996094,0.00028863995518996097
2024-09-11,0.013191095954545833,2.1347022844742147,0.14051274116294246,0.00014051274116294246
2024-09-12,0.007455287213676393,2.150617103120661,0.1447311719418381,0.0001447311719418381
2024-09-13,-0.0066156383602816015,2.136389398114978,0.1423453573969151,0.0001423453573969151
2024-09-16,0.005920995261917557,2.1490389496188276,0.1349370810041051,0.0001349370810041051
2024-09-17,-0.0011835706532176526,2.146495410185437,0.1326795719956341,0.0001326795719956341
2024-09-18,0.023515816429150523,2.1969720022173718,0.20729529538382774,0.00020729529538382775
2024-09-19,0.0004697181826979432,2.1980039599136916,0.27249480013144867,0.0002724948001314487
2024-09-20,0.0005782393981744638,2.199274932400657,0.28673574077539526,0.0002867357407753953
2024-09-23,0.008444428269390751,2.2178465518119834,0.1698301544797457,0.0001698301544797457
2024-09-24,-0.0011935520068786052,2.215199436609119,0.0900494704942654,9.00494704942654e-05
2024-09-25,0.006657510150126552,2.229947149342899,0.19204184503219013,0.00019204184503219014
2024-09-26,-0.00488816511636592,2.2190467994761414,0.14918311969058676,0.00014918311969058676
2024-09-27,-0.0035224693513279206,2.2112302751358244,0.24159226223413513,0.00024159226223413512
2024-09-30,-0.01587781803727848,2.1761207631886963,0.19396472253556887,0.00019396472253556887
2024-10-01,-0.0010246635356299153,2.1738909715935297,0.17883312072959473,0.00017883312072959474
2024-10-02,0.0032431587155399982,2.180941245044687,0.19445000179827535,0.00019445000179827535
2024-10-03,0.015130221376775665,2.2139393688919538,0.16611170007844767,0.00016611170007844767
2024-10-04,-0.0061115700268007805,2.2004087234038794,0.21241915975859535,0.00021241915975859536
2024-10-07,0.013338351924028416,2.2297585493333423,0.21642840783502176,0.00021642840783502176
2024-10-08,-0.0018561250837486726,2.2256198385592216,0.17029487371695595,0.00017029487371695597
2024-10-09,0.0020068243214854463,2.230086266581623,0.1863095815470549,0.0001863095815470549
2024-10-10,0.011181033222648386,2.255020935217644,0.1627160946714853,0.00016271609467148528
2024-10-11,0.016371926616387818,2.291939972487445,0.24386266508628185,0.00024386266508628186
2024-10-14,-0.004445665025110421,2.281750775112105,0.30141225497777363,0.00030141225497777363
2024-10-15,0.0028975524267073694,2.2883622676076727,0.26883415487605833,0.00026883415487605834
2024-10-16,-0.0010473854797093043,2.285965470196266,0.1422673370259771,0.0001422673370259771
2024-10-17,0.007227875820953265,2.3024881447458316,0.27814696522690946,0.00027814696522690947
2024-10-18,0.004754098211196175,2.313434399516068,0.13717421932550297,0.00013717421932550296
2024-10-21,0.0034218247797154462,2.3213505666705787,0.14685891344797472,0.0001468589134479747
2024-10-22,-0.018774313227926026,2.2777688040200816,0.24512924549558007,0.0002451292454955801
2024-10-23,0.008270758597536575,2.2966076799391315,0.3020910350461936,0.00030209103504619364
2024-10-24,-0.00010401998592329562,2.296368786840593,0.24097914501361978,0.0002409791450136198
2024-10-25,0.010894808599283582,2.32138728524659,0.18893135968264957,0.00018893135968264956
2024-10-28,0.012029141702160675,2.3493115818464156,0.290908818952376,0.000290908818952376
2024-10-29,-0.0009703347438912171,2.347031963194324,0.40621317307377314,0.00040621317307377314
2024-10-30,-0.02953378000822047,2.277715237521081,0.2187141155473104,0.00021871411554731041
2024-10-31,0.0044496469192653945,2.2878502661106808,0.43808557122196046,0.00043808557122196047
2024-11-01,-0.004401985809344906,2.2777791817053554,0.5319181453141894,0.0005319181453141893
2024-11-04,0.012951238469148129,2.3072792430676827,0.5907735358315024,0.0005907735358315024
2024-11-05,0.024666549350017837,2.364191860381083,0.3702814345656887,0.0003702814345656887
2024-11-06,0.015452781014990521,2.400725199476975,0.8621686461450261,0.0008621686461450261
2024-11-07,-0.004387815714470306,2.3901912597205848,1.247187588476791,0.001247187588476791
2024-11-08,0.014961723267021117,2.4259526399037767,0.3068687892235602,0.0003068687892235602
2024-11-11,0.004027323969533836,2.435722737119415,0.6370311703983457,0.0006370311703983456
2024-11-12,0.004639700731687718,2.447023761685016,0.8546433313278712,0.0008546433313278712
2024-11-13,-0.0036742827816948088,2.438032704411059,0.4563126086014751,0.0004563126086014751
2024-11-14,-0.003695199033731479,2.4290236883175136,0.40303674667475026,0.00040303674667475025
2024-11-15,0.0031416043582778433,2.436654719723092,0.5418435600835576,0.0005418435600835576
2024-11-18,0.009853418457550658,2.4606640983130896,0.6710126678297886,0.0006710126678297887
2024-11-19,0.0010682097704101915,2.4632926037446055,0.5778071508342287,0.0005778071508342287
2024-11-20,0.003392142537813471,2.471648443368849,0.49183137377411484,0.0004918313737741148
2024-11-21,-0.00528793578985289,2.4585785251052243,0.2876204050403753,0.0002876204050403753
2024-11-22,-0.008795872748095993,2.436953181257197,0.28515472424592075,0.00028515472424592075
2024-11-25,0.006225564099735341,2.4521245894951678,0.41903936489773824,0.00041903936489773823
2024-11-26,-0.0010580116011519188,2.449530213232012,0.26095736189641866,0.0002609573618964187
2024-11-27,0.00416225104079601,2.4597257729114976,0.41712198921390464,0.00041712198921390464
2024-11-29,0.007810496411533388,2.4789374522341787,0.38332030884385376,0.0003833203088438538
2024-12-02,0.004297293105960888,2.4895901730577727,0.38416431844234467,0.0003841643184423447
2024-12-03,0.011116417867399397,2.517265497740054,0.2833433665370483,0.0002833433665370483
2024-12-04,-0.00029522249967308187,2.5165223443274707,0.4415822747061344,0.00044158227470613446
2024-12-05,0.008273798746605101,2.537343543745771,0.6454704210847132,0.0006454704210847132
2024-12-06,-0.002586158298258515,2.5307815716845803,0.5336192473563925,0.0005336192473563926
2024-12-09,-0.0018582180499877184,2.5260788276874995,0.5608717495970281,0.0005608717495970281
2024-12-10,0.0009385158895819111,2.5284495928056203,0.5689074534065464,0.0005689074534065464
2024-12-11,-0.0021431202994083827,2.523030821157248,0.8583651438556867,0.0008583651438556867
2024-12-12,-0.007618455629367752,2.503809222794734,1.017991729646317,0.001017991729646317
2024-12-13,0.0016566932752321876,2.507957266696603,0.43949515804408934,0.00043949515804408935
2024-12-16,0.00035010892286161933,2.508835324913829,0.48632642813026905,0.00048632642813026906
2024-12-17,-0.033935558849665176,2.423696596101097,0.7454802704759629,0.0007454802704759629
2024-12-18,-0.0015099700555976528,2.4200368868171305,0.40545109715454286,0.00040545109715454285
2024-12-19,0.007961449200221488,2.4393038875541873,0.3468028527296649,0.0003468028527296649
2024-12-20,0.005937905502011309,2.4537882435291727,0.3370542488992214,0.0003370542488992214
2024-12-23,0.01195858556339685,2.483132080193873,0.4309314853385017,0.00043093148533850166
2024-12-24,-0.0012920761331003377,2.479923684497719,0.3348733699474927,0.00033487336994749274
2024-12-26,-0.012262861102761492,2.4495127248092747,0.2874245879142329,0.0002874245879142329
2024-12-27,-0.00981475768487392,2.4254713509692563,0.163703167773382,0.000163703167773382
2024-12-30,-0.0039040356863168043,2.4160022242589334,0.07981249165316591,7.981249165316591e-05
2024-12-31,0.00800361167239325,2.43533896786154,0.09475590784735943,9.475590784735943e-05
2025-01-02,0.008882641070145815,2.4569712097971936,0.3942682976992582,0.00039426829769925823
2025-01-03,0.012359221779499843,2.4873374618849233,0.4714638476085476,0.0004714638476085476
2025-01-06,-0.017677440121050554,2.4433677028416065,0.4212337931659481,0.00042123379316594815
2025-01-07,-0.006627983888446759,2.4271731010736213,0.6727789015954426,0.0006727789015954427
2025-01-08,-0.004376833345614349,2.416549768909264,0.2684915082595357,0.00026849150825953574
2025-01-09,-0.006143335040213791,2.401704094037503,0.26935142367444775,0.00026935142367444777
2025-01-10,-0.0024572717440418407,2.395802454429675,0.28708661995779816,0.0002870866199577982
2025-01-13,-0.0020441554717492653,2.390905061733222,0.15752640371025456,0.00015752640371025455
2025-01-14,0.02287890739916024,2.4456063572407998,0.12044272018205487,0.00012044272018205487
2025-01-15,-0.0006240876895048345,2.444080084419871,0.6566682638914377,0.0006566682638914378
2025-01-16,0.016965677205216224,2.4855455581958363,0.636749508963307,0.000636749508963307
2025-01-17,0.009518470041785543,2.5092041491290167,0.15078130347828064,0.00015078130347828065
2025-01-21,0.007961001491656598,2.529179927103104,0.3120151023200747,0.0003120151023200747
2025-01-22,0.003822987632000318,2.538848950683523,0.31760022574907115,0.00031760022574907115
2025-01-23,-0.004253832605351799,2.528049112237042,0.3018113654593684,0.00030181136545936836
2025-01-24,-0.019259466619767487,2.47936023474678,0.3737428899238615,0.00037374288992386153
2025-01-27,0.012647590647522815,2.5107181680636033,0.4706028637388121,0.0004706028637388121
2025-01-28,0.014300720023485257,2.5466232456429587,0.8989442280905519,0.0008989442280905519
2025-01-29,0.0003882529729564778,2.5476119796890795,0.9558848710345158,0.0009558848710345158
2025-01-30,-0.010891258318212272,2.5198652795237138,0.4485570309062364,0.0004485570309062364
2025-01-31,-0.010961687475280053,2.4922433038497656,0.47018312978650234,0.00047018312978650234
2025-02-03,0.005378991940648567,2.5056490604953088,0.24033576489060013,0.00024033576489060013
2025-02-04,0.0030114578762156117,2.51319471709357,0.30569422811906466,0.00030569422811906467
2025-02-05,0.007752260409613462,2.532677657000544,0.5125136792951874,0.0005125136792951874
2025-02-06,-0.009095248985913284,2.5096423231090643,0.3255412216493755,0.0003255412216493755
2025-02-07,0.008899172626042368,2.5319760633720336,0.35665149991486234,0.00035665149991486237
2025-02-10,-0.0027501194467748485,2.525012826761386,0.3598986988576498,0.0003598986988576498
2025-02-11,-0.0002469585420082896,2.5243892532751366,0.4807705380737963,0.00048077053807379634
2025-02-12,0.008829068824141348,2.5466772597312253,0.2858756782630692,0.0002858756782630692
2025-02-13,0.005421871675454703,2.560485017032286,0.32684663837435485,0.00032684663837435484
2025-02-14,-0.006284810042713945,2.544392855083023,0.3444525688755758,0.0003444525688755758
2025-02-18,0.002914626280422009,2.551808809366166,0.2993910944152429,0.0002993910944152429
2025-02-19,-0.0004422474986693005,2.5506802783031417,0.29964377769207023,0.00029964377769207024
2025-02-20,-0.022187576975893127,2.4940868632873983,0.19590380865849957,0.00019590380865849958
2025-02-21,-0.018862965976075473,2.447040987643831,0.1877018062669199,0.0001877018062669199
2025-02-24,-0.013457032480381267,2.414111077592284,0.1710457610650366,0.0001710457610650366
2025-02-25,-0.0017551753161930959,2.409873889418346,0.20114973794178792,0.0002011497379417879
2025-02-26,-0.023116468574158954,2.3541661153859206,0.2855226263285382,0.0002855226263285382
2025-02-27,0.011242407326438312,2.3806326097691883,0.30012623656793186,0.00030012623656793186
2025-02-28,-0.017016876852660203,2.340121677817319,0.24776760714741808,0.0002477676071474181
2025-03-03,0.00022472114899345,2.3406475526495427,0.343088948627466,0.000343088948627466
2025-03-04,0.018161333898500404,2.383156834391919,0.1549431934996781,0.0001549431934996781
2025-03-05,-0.020040985588790812,2.3353960226180424,0.2901619614746515,0.0002901619614746515
2025-03-06,-0.0019197249419570263,2.330912704624075,0.19433945040337042,0.0001943394504033704
2025-03-07,-0.04579899380540027,2.224159248104068,0.14498868694033828,0.0001449886869403383
2025-03-10,0.004690890160179687,2.2345925348356723,0.3777329265738915,0.00037773292657389154
2025-03-11,0.010660536761090914,2.2584144906993475,0.44220705864008836,0.00044220705864008835
2025-03-12,-0.020146246455818168,2.2129159157703273,0.2946164250693491,0.0002946164250693491
2025-03-13,0.025390782165540634,2.2691035817383094,0.2142307525696192,0.0002142307525696192
2025-03-14,-0.0026402201783507274,2.263112648675036,0.2939881961910207,0.0002939881961910207
2025-03-17,-0.016547539980012786,2.225663701641813,0.17488590135976834,0.00017488590135976835
2025-03-18,0.016031952949031668,2.261345437386902,0.1827853166894479,0.0001827853166894479
2025-03-19,-0.003368441438498824,2.253728227708848,0.19998552667212058,0.0001999855266721206
2025-03-20,0.006467503058067152,2.268304221913607,0.15983861060863852,0.00015983861060863853
2025-03-21,0.023212772387861475,2.3209578515233127,0.08256440060508116,8.256440060508116e-05
2025-03-24,0.0068405470244416846,2.336834472848405,0.20035293801693338,0.00020035293801693338
2025-03-25,-0.021518641887137636,2.2865489686776623,0.22915946053805353,0.00022915946053805354
2025-03-26,-0.004064229125169239,2.2772559097630367,0.2936636847434704,0.00029366368474347036
2025-03-27,-0.029473351521548397,2.2101375458300674,0.3017583077135146,0.0003017583077135146
2025-03-28,-0.004118707733440547,2.2010346352280896,0.345597028972867,0.00034559702897286697
2025-03-31,0.014627533472893037,2.2332303430298857,0.3161779564790386,0.0003161779564790386
2025-04-01,0.0013401284526182722,2.2362231585538304,0.3482030578910391,0.00034820305789103913
2025-04-02,-0.06016872831990379,2.101672454864128,0.16757407087300263,0.00016757407087300265
2025-04-03,0.006953232314692446,2.116285871692188,1.1097078864624361,0.0011097078864624361
2025-04-04,-0.0018444422298064748,2.112382504660096,1.1967383383073575,0.0011967383383073575
2025-04-07,-0.01871756850647101,2.07284384041725,0.3867284325238612,0.0003867284325238612
2025-04-08,0.10830074390003806,2.2973343703230498,0.2496782310325419,0.00024967823103254187
2025-04-09,0.003997570637437484,2.306518126746229,1.4010086648622746,0.0014010086648622746
2025-04-10,0.02489407465797541,2.363936761193423,1.184706765542102,0.001184706765542102
2025-04-11,0.0029131410164214477,2.370823242332682,0.49872327016986573,0.0004987232701698657
2025-04-14,-0.006218806924313105,2.356079550336941,0.19178699902725543,0.00019178699902725545
2025-04-15,-0.026694373577494202,2.2931854826419524,0.1804470328647801,0.0001804470328647801
2025-04-16,0.0005451583396450554,2.2944356318321675,0.24547929608157787,0.0002454792960815779
2025-04-17,-0.01657872720041711,2.2563968094131055,0.33556786337382477,0.0003355678633738248
2025-04-21,0.029260177221467253,2.3224193799384865,0.2875531809915154,0.0002875531809915154
2025-04-22,0.022082367650258988,2.373703898524375,0.29425591512114585,0.00029425591512114585
2025-04-23,0.021640075710737554,2.425071030603315,0.20531679061747887,0.00020531679061747889
2025-04-24,0.014351538535501408,2.4598745309503465,0.17908058843567265,0.00017908058843567267
2025-04-25,-0.0034375480088865928,2.4514185941543674,0.17116784478651176,0.00017116784478651175
2025-04-28,0.0030158512394110786,2.4588117079598635,0.18207947476423553,0.00018207947476423552
2025-04-29,-0.00243064731548053,2.4528352038826386,0.18451106021765667,0.00018451106021765668
2025-04-30,0.019152728013929535,2.4998136894055945,0.12394440302063384,0.00012394440302063384
2025-05-01,0.006011921572208932,2.5148423732514353,0.37983162395966313,0.00037983162395966314
2025-05-02,-0.007350160300921247,2.496357878676488,0.5139160850527542,0.0005139160850527542
2025-05-05,-0.007291938384336756,2.478154590839926,0.32374666882267533,0.00032374666882267533
2025-05-06,0.0019042092881909561,2.482873515829376,0.22351705697006247,0.00022351705697006246
2025-05-07,0.012242045227154986,2.513268965703465,0.38712072939148445,0.00038712072939148446
2025-05-08,-0.0016896775948720786,2.5090223514422285,0.3439823210551487,0.0003439823210551487
2025-05-09,0.03980740354143196,2.608900016680562,0.34722182614014396,0.00034722182614014397
2025-05-12,0.011167804673082933,2.6380357024784535,0.30483943408236003,0.00030483943408236
2025-05-13,0.007648690334975806,2.6582132206593214,0.3780275756749424,0.0003780275756749424
2025-05-14,-0.0021795346123773575,2.652419552937815,0.2572253422048166,0.0002572253422048166
2025-05-15,0.003322167716979347,2.66123133554847,0.12951011940115864,0.00012951011940115864
2025-05-16,0.0020227632086138097,2.6666143763836274,0.175812498168504,0.000175812498168504
2025-05-19,-0.003098253885549362,2.658352528030735,0.1574459326897555,0.00015744593268975551
2025-05-20,-0.005980485380305427,2.642454289601149,0.12105352161090677,0.00012105352161090676
2025-05-21,0.004021429769352966,2.653080733945506,0.12948807547196534,0.00012948807547196535
2025-05-22,-0.013870816667472675,2.616280337480944,0.14073957907285733,0.00014073957907285734
2025-05-23,0.022178426632740084,2.674305318996445,0.21470440654559075,0.00021470440654559075
2025-05-27,-0.004284481324348121,2.6628473078016,0.19709921031011196,0.00019709921031011197
2025-05-28,0.004322473513815997,2.674357394760909,0.1358366305735989,0.00013583663057359892
2025-05-29,-0.0036913992765467175,2.664485273808661,0.04914880322339848,4.9148803223398476e-05
2025-05-30,0.00942469068042047,2.6895972233368433,0.07464609425503993,7.464609425503993e-05
2025-06-02,0.0024130290496202802,2.696087299568533,0.12387963666042824,0.00012387963666042823
2025-06-03,0.004364774910338456,2.7078551137697717,0.11825229930155333,0.00011825229930155333
2025-06-04,-0.006555729513041989,2.6901031480833897,0.076030952269415,7.6030952269415e-05
2025-06-05,0.015587917583850294,2.73203625424777,0.13219099174671417,0.00013219099174671418
2025-06-06,0.004128757361297878,2.743316169043828,0.1360888588071663,0.0001360888588071663
2025-06-09,0.0065585353055932286,2.7613083049929066,0.18958042082215604,0.00018958042082215605
2025-06-10,-0.008969681777216642,2.7365402482083345,0.15439268002326478,0.0001543926800232648
2025-06-11,0.0014144992629299162,2.740411082372403,0.1300066458668784,0.0001300066458668784
2025-06-12,-0.008623792491786526,2.7167783458558312,0.06930809801903956,6.930809801903956e-05
2025-06-13,0.010539288986167532,2.745411257954168,0.10092319251444044,0.00010092319251444045
2025-06-16,-0.008288915911219908,2.7226547748952696,0.12733518813542932,0.00012733518813542931
2025-06-17,-0.0003499426968778071,2.7217020017406757,0.13525317936532555,0.00013525317936532554
2025-06-18,-0.00667525975912473,2.703533933892127,0.0637187843617771,6.37187843617771e-05
2025-06-20,0.007509733757585056,2.7238367539402537,0.09198730404019756,9.198730404019756e-05
2025-06-23,0.008930926158449773,2.748163138857366,0.12882614188285757,0.00012882614188285758
2025-06-24,0.007392145288538237,2.7684779600564045,0.15974930299274837,0.00015974930299274837
2025-06-25,0.00879602202584528,2.7928295531711274,0.07210651739817885,7.210651739817884e-05
2025-06-26,0.006777106156942814,2.811756855531215,0.15435816161261492,0.00015435816161261492
2025-06-27,0.002474336823072301,2.818714089056382,0.09120401822148887,9.120401822148887e-05
2025-06-30,-0.004866553942006712,2.8049966648948947,0.08209284343016601,8.209284343016601e-05
2025-07-01,0.009677639506530243,2.8321424114347673,0.150299558680568,0.000150299558680568
2025-07-02,0.007382700093899251,2.853051269481603,0.17782648093581455,0.00017782648093581454
2025-07-03,-0.00856145959155042,2.828624986325315,0.22303494320587328,0.0002230349432058733
2025-07-07,-0.003862968803733911,2.8176980962456777,0.21330950782875646,0.00021330950782875646
2025-07-08,0.010974124722190028,2.848619866583355,0.0992543513363368,9.92543513363368e-05
2025-07-09,0.006697660278915829,2.8676989547135014,0.3278530480162377,0.0003278530480162377
2025-07-10,0.003023290257235372,2.8763688410239707,0.26147547400074456,0.0002614754740007446
2025-07-11,0.002968920255018318,2.88490855073699,0.28783013313804073,0.0002878301331380407
2025-07-14,0.0008326056386516597,2.887310541863328,0.24469025175788944,0.00024469025175788943
2025-07-15,0.0031731577227170895,2.8964724336071237,0.3280902198190071,0.0003280902198190071
2025-07-16,0.004463169751417406,2.9093998817586137,0.6244226867262299,0.0006244226867262299
2025-07-17,0.0016996495234722622,2.9143448418812348,0.5352908834632721,0.0005352908834632722
2025-07-18,0.007866537918570978,2.937270646087685,0.19343423544147742,0.00019343423544147744
2025-07-21,0.001202429613353315,2.940802507294974,0.22790977527481987,0.00022790977527481986
2025-07-22,2.8050755482676422e-05,2.940884999027029,0.2974401653209368,0.00029744016532093684
2025-07-23,0.0014777371833769523,2.945230854142127,0.6160749831057174,0.0006160749831057174
2025-07-24,-0.0021232782640087976,2.9389773094870386,0.34758836739666726,0.00034758836739666725
2025-07-25,0.0023511906964468593,2.945887405594173,0.3279183469712734,0.00032791834697127345
2025-07-28,-0.0034388937630933547,2.9357568117682997,0.15476417168974876,0.00015476417168974876
2025-07-29,-0.0015364149839314032,2.9312462710135203,0.27660078555345535,0.00027660078555345535
2025-07-30,0.008289535695535108,2.955544941609491,0.3843808602541685,0.0003843808602541685
2025-07-31,-5.597175221062748e-05,2.955379514580372,0.9534441844466728,0.0009534441844466728
2025-08-01,0.015287519232894207,3.000559935750021,0.9588243319742786,0.0009588243319742786
2025-08-04,0.004676271222768835,3.014591367829762,1.2243685543940872,0.0012243685543940873
2025-08-05,0.013350917403703757,3.054838928187576,1.1064131095484528,0.0011064131095484529
2025-08-06,0.002306866323112916,3.061886033233546,0.49702526815235615,0.0004970252681523561
2025-08-07,0.010893486350017847,3.095240646941886,0.5231027472764254,0.0005231027472764254
2025-08-08,-0.002175212483097485,3.088507840848467,0.4820341635495424,0.00048203416354954245
2025-08-11,0.008584911518230248,3.1150224073855113,0.33470068499445915,0.00033470068499445916
2025-08-12,0.006257699833967031,3.134515282587011,0.6945903524756432,0.0006945903524756432
2025-08-13,-0.003253153951723777,3.1243182218087244,0.5868373606353998,0.0005868373606353998
2025-08-14,-0.0010022287578067544,3.121186940238288,0.51880575530231,0.00051880575530231
2025-08-15,-0.0024132412918238554,3.1136547630346034,0.3899579495191574,0.00038995794951915744
2025-08-18,-0.00888425998084188,3.0859922446292174,0.2881542406976223,0.0002881542406976223
2025-08-19,-0.0011922986197541677,3.0823128203353742,0.30677954852581024,0.00030677954852581025
2025-08-20,-0.004078377083805605,3.0697419863637982,0.18310842663049698,0.00018310842663049699
2025-08-21,0.015046429136477418,3.1159306416288906,0.28705047257244587,0.00028705047257244587
2025-08-22,-0.0017361842814148489,3.1105208118269156,0.9595055524259806,0.0009595055524259805
2025-08-25,0.0014309226286070829,3.1149717264433123,0.7968164999037981,0.0007968164999037981
2025-08-26,-0.0003656557045892216,3.113832719261904,0.2638760507106781,0.0002638760507106781
2025-08-27,0.005274999848110396,3.1302581863830516,0.36614840663969517,0.0003661484066396952
2025-08-28,-0.01006573953324089,3.098749822807125,0.24954813346266747,0.00024954813346266745
2025-08-29,-0.004160248237239707,3.085858254319145,0.42384858056902885,0.0004238485805690289
2025-09-02,0.01127935738394175,3.1206647524057973,0.2945041414350271,0.0002945041414350271
2025-09-03,0.00196015440017988,3.126781737151712,0.9857194599915684,0.0009857194599915684
2025-09-04,-0.001549040080386255,3.1219382269182443,0.9243684908005576,0.0009243684908005576
2025-09-05,0.0022195162386883845,3.1288674195090715,0.5690189152956009,0.0005690189152956009
2025-09-08,0.007194329910174713,3.1513775239702166,0.2683406136929989,0.00026834061369299887
2025-09-09,-0.005864094400057013,3.1328975486794377,0.39362211525440216,0.00039362211525440215
2025-09-10,0.004216475910499709,3.146107335723508,0.5965291019529104,0.0005965291019529105
2025-09-11,0.0034163552113506347,3.1568555559153753,0.6355730500072241,0.0006355730500072241
2025-09-12,0.0036315746538377568,3.1683199125380646,0.2695993971514093,0.0002695993971514093
2025-09-15,0.001591073011384028,3.173360940842334,0.4340935614379754,0.0004340935614379754
2025-09-16,-0.004910630502539109,3.1577777378106675,0.5789869694143096,0.0005789869694143097
2025-09-17,0.004320518776053522,3.1714209758174823,0.29165892239029434,0.00029165892239029433
2025-09-18,0.0019683420952701304,3.1776634172260065,0.4360147873187535,0.0004360147873187535
2025-09-19,-0.010167192643748863,3.1453555011060765,0.5593826585653777,0.0005593826585653778
2025-09-22,-0.0071814537957480065,3.1227672759036817,0.45110438391566277,0.0004511043839156628
2025-09-23,-0.0010279034729334044,3.119557372575618,0.6158160082995892,0.0006158160082995891
2025-09-24,-0.007622499561950985,3.0957785478696795,0.2451736032962799,0.0002451736032962799
2025-09-25,0.0019861076457012555,3.1019270973130015,0.38745461218059063,0.00038745461218059064
2025-09-26,0.008903775225475885,3.1295459589532895,0.36508691707224844,0.00036508691707224847
2025-09-29,-0.0016112415346172374,3.1245035045197302,0.3317793389225945,0.0003317793389225945
2025-09-30,0.005167570029492041,3.140649595186729,0.28896363096552546,0.0002889636309655255
2025-10-01,0.006374214890372465,3.1606687706018106,0.2270278015048599,0.0002270278015048599
2025-10-02,-0.0018771375608725778,3.154735760535037,0.23510090497824634,0.00023510090497824636
2025-10-03,0.0050985970892476395,3.170820487101046,0.2807920156581675,0.00028079201565816756
2025-10-06,-0.004948818543173554,3.155128671877406,0.44393325060643746,0.0004439332506064375
2025-10-07,0.005502539207526196,3.172489891099202,0.6047523034166684,0.0006047523034166684
2025-10-08,0.008191609109576704,3.19847768819117,0.4047892224343592,0.00040478922243435925
2025-10-09,-0.03827813396195408,3.076045930768267,0.5141958853350537,0.0005141958853350537
2025-10-10,0.005023306756356502,3.0914978530751585,0.8991235680446915,0.0008991235680446915
2025-10-13,0.0006609640848952054,3.0935412221245717,0.9843845419971181,0.0009843845419971182
2025-10-14,-0.0021469589079821175,3.0868995162405217,1.099321507149877,0.0010993215071498769
2025-10-15,-0.009527653317397074,3.0574886078241414,0.24366845483797123,0.00024366845483797124
2025-10-16,0.0014887663378934535,3.062040493941963,0.3256659630327846,0.00032566596303278464
2025-10-17,0.017359783552099967,3.115196854144561,0.36981130086580627,0.0003698113008658063
2025-10-20,0.014021658975599687,3.1588770820752368,0.5688154853198379,0.000568815485319838
2025-10-21,-0.007061120173094163,3.136571871386671,0.5324348890737182,0.0005324348890737182
2025-10-22,0.007180116226772033,3.159092821976851,0.2508976422606476,0.0002508976422606476
2025-10-23,0.010665211606364371,3.1927852154073806,0.22714080853586782,0.00022714080853586784
2025-10-24,0.016457117452059956,3.245329256696541,0.303411287027946,0.000303411287027946
2025-10-27,0.00679747243273555,3.2673892928540855,0.370294013105871,0.000370294013105871
2025-10-28,0.0037046732315351525,3.2794939025043264,0.40276646969185614,0.00040276646969185614
2025-10-29,-0.01942091945843086,3.2158031155593747,0.3922307776887441,0.0003922307776887441
2025-10-30,0.008302953837090033,3.2425037803770342,0.8165318409234484,0.0008165318409234485
2025-10-31,-0.014752032687541137,3.1946702586194364,1.0546649874391885,0.0010546649874391884
2025-11-03,-0.011955137008491646,3.1564775379806878,0.6453019099555486,0.0006453019099555486
2025-11-04,0.00849241704650883,3.1832836616311573,0.6008053068071604,0.0006008053068071603
2025-11-05,-0.011397575310361193,3.1470019463634737,0.6825911644846201,0.0006825911644846201
2025-11-06,0.0023190563535458453,3.154300021221809,0.6479524827337477,0.0006479524827337478
2025-11-07,0.021823510276655182,3.2231379201505965,0.22329274723151407,0.00022329274723151407
2025-11-10,-0.003300142030066677,3.212501107231606,0.959767547801272,0.000959767547801272
2025-11-11,-0.012728601731247355,3.1716104600764634,1.1038476383409808,0.0011038476383409808
2025-11-12,-0.015454403907216866,3.122595110990088,0.4512166799424133,0.00045121667994241335
2025-11-13,-0.008536553418227797,3.0959389110216238,0.23657527124350014,0.00023657527124350014
2025-11-14,-0.00988430217542297,3.065337715308436,0.26851164209227313,0.00026851164209227315
2025-11-17,-0.010440570325378448,3.033333841320723,0.38846447683998164,0.00038846447683998166
2025-11-18,0.0012254140467221513,3.0370509312182747,0.3616329105154473,0.00036163291051544735
2025-11-19,-0.020839369396644488,2.9737607049861943,0.33828659556630053,0.0003382865955663005
2025-11-20,0.00309186935770077,2.9829551845870754,0.28265113023164723,0.0002826511302316472
2025-11-21,0.019087094223530745,3.039891131259859,0.3460310776856329,0.0003460310776856329
2025-11-24,0.005399510553989402,3.0563050555060753,0.2750342028798262,0.00027503420287982623
2025-11-25,0.006760744405748092,3.0769679528123475,0.49688613310833524,0.0004968861331083352
2025-11-26,0.008646370781839115,3.1035725586161997,0.16880052640570023,0.00016880052640570024
2025-11-28,-0.010544143279824496,3.070848044878819,0.21848250089178156,0.00021848250089178157
2025-12-01,0.008575994947691356,3.0971836221968276,0.25465268179700484,0.0002546526817970048
2025-12-02,-0.007735214441194622,3.0732262427153794,0.49468585580906327,0.0004946858558090633
2025-12-03,0.002161442124900677,3.079868843375735,0.438263129343603,0.00043826312934360304
2025-12-04,-0.004984584167731524,3.0645169779003547,0.2914624786691843,0.0002914624786691843
