date,port_ret,equity,turnover
2022-01-31,0.0,1.0,0.0
2022-02-01,0.002495541515888958,1.002495541515889,0.22579823338638197
2022-02-02,0.008091081771876882,1.010606814918236,0.1552003826728174
2022-02-03,-0.02893198223019669,0.9813679565073058,0.06934613413771759
2022-02-04,0.006692038464532517,0.9879353086201125,0.1408620971652767
2022-02-07,-0.004429909910583889,0.9835588442054405,0.06541991664658413
2022-02-08,0.007319945509696684,0.9907584413506045,0.08333929190776224
2022-02-09,0.015378718156093997,1.0059950361809065,0.053617592016519965
2022-02-10,-0.017304303563872137,0.9885869926910835,0.1171777470540626
2022-02-11,-0.020006431849677264,0.9688088943943319,0.9194029739248606
2022-02-14,0.005350715998121425,0.97399271564469,0.3088090762543319
2022-02-15,-0.005270769099310503,0.9688590249361165,0.03500191474734983
2022-02-16,0.008384880463201768,0.9769827920459002,0.03328533011465315
2022-02-17,0.008993587240124206,0.9857693720182651,0.26808475518665964
2022-02-18,-0.0007334549100844745,0.9850463546321474,0.0
2022-02-22,0.0020890378623357186,0.9871041537631298,0.002845549400248023
2022-02-23,0.004479562023619707,0.9915259480436844,0.3839017482158388
2022-02-24,-0.002778938769753735,0.988770558145449,0.15427530567554482
2022-02-25,-0.0003859110009400457,0.988388980709655,0.24980974590378718
2022-02-28,0.004585218571342128,0.9929209602197149,0.32272376746697745
2022-03-01,-0.0006970735397487382,0.9922288212912839,0.0
2022-03-02,-0.0005832408306258446,0.991650112929383,0.04981141133059118
2022-03-03,0.00040947084099319684,0.9920561647350952,0.778938784181731
2022-03-04,0.015139748050359456,1.0070756451209903,0.8054331154549426
2022-03-07,-0.012222122692062617,0.9947670430261335,0.875
2022-03-08,0.02735899761029459,1.0219828721790853,0.13261583021827028
2022-03-09,-0.02529086165048482,0.996136044749639,0.4450862522930099
2022-03-10,-0.0018168210845899036,0.9943262437804179,0.5777020825112802
2022-03-11,-0.007027884128157802,0.9873382341535427,0.875
2022-03-14,-0.011739262346614973,0.9757476115979707,0.875
2022-03-15,0.0009849747072256942,0.9767086983160306,0.1426071674308176
2022-03-16,0.00979960274512145,0.9862800555572324,0.5632998216530756
2022-03-17,0.008745014013811966,0.9949050884646236,0.33329720911937344
2022-03-18,0.0098870994277806,1.0047418139954782,0.2179109244517774
2022-03-21,-0.001933725399114402,1.002798919230203,0.024471668914022533
2022-03-22,0.014669630655626669,1.0175096089971716,0.09179458668791751
2022-03-23,-0.0121100548233295,1.0051875118489513,0.17940738764669134
2022-03-24,0.019157485098496557,1.0244443766283924,0.16612346697754343
2022-03-25,0.0008889725119215101,1.0253550795192075,0.08062814968219398
2022-03-28,0.010430960114216799,1.036050517456582,0.05241570680031213
2022-03-29,0.01531656041801608,1.0519192478033226,0.1554453478586618
2022-03-30,-0.006265098381072396,1.045328870226891,0.19297419775343122
2022-03-31,-0.01316516260015311,1.0315669456797196,0.42988589134303823
2022-04-01,0.0038208437326365087,1.0355084017789151,0.515663660256793
2022-04-04,-0.002298367413226559,1.0331284230121442,0.05243436734613898
2022-04-05,-0.01172246459915504,1.0210176116470036,0.37853247648822863
2022-04-06,0.004985785441208005,1.0261081863903703,0.4718274426708721
2022-04-07,-0.009936795690218991,1.015911958986148,0.7263698821028002
2022-04-08,0.005000808470084805,1.0209923401155063,0.27363011789719993
2022-04-11,0.00495946377048706,1.026055914636254,0.0
2022-04-12,0.007676751619002609,1.033932691040125,0.0
2022-04-13,0.004788537865618281,1.0388837168816711,0.1138834651208819
2022-04-14,-0.003839193489947201,1.034895241279007,0.09801040927946486
2022-04-18,0.0030027281725128257,1.0380027503755949,0.01587305584141704
2022-04-19,-0.015112904376299419,1.0223155140668327,0.36750418051615774
2022-04-20,0.0062404313321634455,1.0286952038321722,0.2759989880349775
2022-04-21,-0.0038665131497053456,1.0247177402995162,0.3904479386138331
2022-04-22,-0.013491785421623994,1.0108924684296638,0.75
2022-04-25,0.0019750359348183893,1.0128890173810496,0.4984098628531606
2022-04-26,0.0002252345108690948,1.0131171549434441,0.4984098628531606
2022-04-27,-0.005494034364070144,1.0075510544793558,0.698634133324713
2022-04-28,0.0006695546474876792,1.0082256649704635,0.1923621947600646
2022-04-29,-0.012264553053752028,0.9958602278122788,0.5506749422322167
2022-05-02,-0.017333936095219382,0.9785980502636101,0.6539572996673593
2022-05-03,0.004291225523700803,0.9827974351943453,0.17568983722049084
2022-05-04,0.008038455059267572,0.9906976082095185,0.8264639790941674
2022-05-05,-0.039570950487073736,0.9514947622073973,0.25212163398816406
2022-05-06,-0.010649997395036194,0.9413613454684978,0.4113016516781952
2022-05-09,-0.03284948457390885,0.9104381104720563,0.696475285966985
2022-05-10,0.00046047683133990103,0.9108573461282975,0.8155220541862309
2022-05-11,-0.001522228021895319,0.9094708135520718,0.8155220541862309
2022-05-12,-0.00294293939939895,0.906794296062266,0.0
2022-05-13,0.007917243283743158,0.9139736071125015,0.46115717586872323
2022-05-16,0.0011299324741857347,0.9150063355717267,0.9742069668014264
2022-05-17,0.022555331185889316,0.935644606507734,0.32413644124820656
2022-05-18,-0.033677990199060946,0.9041339766199623,0.32413644124820656
2022-05-19,-0.005814430810312715,0.8988769521696526,0.6863078397666877
2022-05-20,0.0023733266772689595,0.901010280819819,0.5956315157944396
2022-05-23,0.0030960481093723242,0.9037998519962762,0.7090641194417802
2022-05-24,0.001034430009619453,0.9047347696858707,0.21919802763720087
2022-05-25,0.00547588948176948,0.9096889972949848,0.19517473217731776
2022-05-26,0.009974528967018689,0.9187627165494818,0.09669870123448071
2022-05-27,0.018019728510696567,0.9353185712674537,0.1658037694759105
2022-05-31,-0.006396605164154998,0.9293357076643542,0.13913954473018586
2022-06-01,-0.007275964796613315,0.9225738937711527,0.021235281706462307
2022-06-02,0.020607350975986056,0.941585697801377,0.03359580305585119
2022-06-03,-0.01898452383012811,0.9237101416833591,0.16787819095687276
2022-06-06,0.0029405122234945845,0.926426322645945,0.035069323972489824
2022-06-07,0.009193676021044902,0.9349435861137199,0.02604595539945355
2022-06-08,-0.009738890119364914,0.9258382732607534,0.6918117631593421
2022-06-09,-0.011535441597923926,0.9151583199304312,0.0
2022-06-10,-0.014380308039085202,0.9019980613852999,0.0
2022-06-13,-0.03171757387662891,0.8733888712367356,0.0
2022-06-14,-0.0038169790134502946,0.8700551642446439,0.75
2022-06-15,0.008521198873154216,0.8774690773297873,0.75
2022-06-16,-0.00998155157796099,0.8687105744763541,0.0
2022-06-17,0.001784128658915668,0.8702604659085805,0.875
2022-06-21,-0.005189663324393745,0.8657441070859849,0.26723320155596286
2022-06-22,0.010195412815753712,0.8745707256505326,0.75
2022-06-23,0.006889104369717847,0.880595734658239,0.632256730451462
2022-06-24,-0.007395716110930752,0.8740830985962103,0.6105744166343159
2022-06-27,-0.004777870929033333,0.869906842369868,0.3281560288919674
2022-06-28,-0.01969929855131254,0.8527702877701944,0.2512255675104595
2022-06-29,-0.0003410479217925666,0.8524794522357839,0.0741747701279295
2022-06-30,-0.008960150712630309,0.8448411078643308,0.31442348628356553
2022-07-01,0.010521228282305797,0.8537298740224475,0.30536281819872446
2022-07-05,0.003360939053028804,0.8565992080967868,0.12205899815767768
2022-07-06,-0.006405223322631772,0.8511124988709373,0.2884601392761248
2022-07-07,0.006126474181824961,0.8563268176210986,0.15696932265050262
2022-07-08,-0.0027401839453383777,0.8539803246234906,0.22186663525060576
2022-07-11,-0.00939313694161825,0.8459587704888546,0.4029421906158487
2022-07-12,-0.0018528693668983104,0.8443913193973568,0.625
2022-07-13,0.003316749942012812,0.8471919542570041,0.7473343500081819
2022-07-14,-0.008158976650860406,0.8402797348834244,0.6001238104993301
2022-07-15,0.00776319786720754,0.8468029927291291,0.28455086665655416
2022-07-18,-0.006074915243271461,0.841658736320551,0.36295195839721883
2022-07-19,0.012137112801989328,0.8518740433440534,0.17138181497384528
2022-07-20,0.0037803924999938246,0.8550944615884506,0.2396343338134668
2022-07-21,0.011293534432206407,0.8647515003331888,0.09718092876665825
2022-07-22,-0.009511046444302243,0.8565268086507398,0.22864115081481867
2022-07-25,-0.0023221513871907163,0.8545378237338654,0.44860049697838167
2022-07-26,-0.009536484923344772,0.8463885366613996,0.3539720772450687
2022-07-27,0.018356954572314878,0.8619256525794209,0.34488062528421726
2022-07-28,0.012281536701053778,0.8725114241151548,0.14614790247053672
2022-07-29,0.009712813389414633,0.8809859647577177,0.05274769967150635
2022-08-01,0.00016871539475023201,0.8811346006525312,0.15122631547232596
2022-08-02,-0.006273060341813584,0.8756071901333781,0.2015501389343407
2022-08-03,0.013574502409181299,0.8874931220453401,0.10621104595552536
2022-08-04,0.004264026356349386,0.8912774161088203,0.19731653391457665
2022-08-05,-0.007109461613225984,0.8849409135322593,0.2654578045206454
2022-08-08,0.0020102343717602333,0.8867198521736188,0.47736917587999633
2022-08-09,-0.006007689763522294,0.8813927143946034,0.6306369057400898
2022-08-10,-0.0025119508170523552,0.8791786992455359,0.8164267659593192
2022-08-11,-0.0044864787877352715,0.8752342826607422,0.3308001506454245
2022-08-12,0.010645797314761318,0.884551849436879,0.4021873711505962
2022-08-15,0.0019850162681108547,0.8863076992479987,0.3141313333796844
2022-08-16,-0.00030332430418249646,0.8860388605818328,0.03640236991936678
2022-08-17,-0.008477107448541394,0.8785278139570974,0.355657054577457
2022-08-18,0.0002897841662519189,0.8787823974071941,0.5020618561139893
2022-08-19,-0.011185909197877892,0.8689524173051038,0.75
2022-08-22,-0.013031054330758338,0.8576290511443572,0.0
2022-08-23,-0.0015059139354124118,0.8563375356048243,0.875
2022-08-24,-0.0033405707224469783,0.8534768795048504,0.0
2022-08-25,0.006407665408459939,0.8589456737825739,0.2864003231554925
2022-08-26,-0.00254062170322305,0.8567634177618724,0.625
2022-08-29,-0.0049212215520185315,0.8525470951654015,0.75
2022-08-30,0.0018222576134109337,0.8541006556003581,0.2383531798451516
2022-08-31,-0.009560998812173871,0.8459346002466861,0.06699720262166017
2022-09-01,-0.017665238383022485,0.8309909638768815,0.6480760497661509
2022-09-02,0.0023524562559159644,0.8329458337684634,0.4598269386441996
2022-09-06,-0.006421096825350012,0.8275974079195643,0.375
2022-09-07,0.013018813388827407,0.8383717441343463,0.261537051479302
2022-09-08,0.0008852243094744509,0.8391138911826305,0.31641848942606143
2022-09-09,0.01212293061568461,0.8492864106640947,0.18389657791361078
2022-09-12,0.009375833388956045,0.8572491785499857,0.02924093302296316
2022-09-13,-0.041192887955856156,0.8219366091877264,0.29402853022912073
2022-09-14,0.005710510789186014,0.8266302870625198,0.24111739029184456
2022-09-15,-0.012920713896833153,0.815949633624928,0.195312434616502
2022-09-16,-0.006711009137338877,0.8104737881780628,0.47006353522417377
2022-09-19,0.00450431123424538,0.8141244143672146,0.11528097564318279
2022-09-20,-0.008827335897859766,0.8069378646989468,0.7906223487091165
2022-09-21,-0.017906147948378748,0.7924887159084987,0.875
2022-09-22,-0.010226105981561581,0.7843846423104267,0.37500000000000006
2022-09-23,-0.008031492403500326,0.7780848630142883,0.37500000000000006
2022-09-26,-0.013743672516844718,0.7673911194667059,0.0
2022-09-27,-0.006240152510527633,0.7626024818460091,0.0
2022-09-28,0.021105778507378214,0.7786978009170279,0.0
2022-09-29,-0.011451620490775985,0.7697804492239243,0.875
2022-09-30,6.462244018612395e-05,0.7698301943149607,0.0
2022-10-03,0.02430978568144182,0.7885446013498602,0.3897907316140966
2022-10-04,0.015435189569552137,0.8007159367557422,0.4686314567314762
2022-10-05,-0.0062203740345853735,0.795735184133668,0.16605121996664926
2022-10-06,-0.008708845564383672,0.7888052493049015,0.07275873707339603
2022-10-07,-0.024956121735943543,0.7691197294772971,0.2533102464355301
2022-10-10,-0.010175339605685525,0.7612936750324326,0.6608072080719991
2022-10-11,-0.002333769882654272,0.7595169907817867,1.0
2022-10-12,0.0016790456953235111,0.7607922545156839,0.875
2022-10-13,0.007155375873611092,0.7662360090584757,0.5
2022-10-14,-0.008137079425696312,0.7600010857939383,0.5813459272912578
2022-10-17,0.009995712845983256,0.76759783841017,0.6092485529703315
2022-10-18,0.006064267022404497,0.7722527566681098,0.3120529275713455
2022-10-19,-0.013269818674673346,0.7620051026161073,0.20534861784277897
2022-10-20,-0.0055022286971371185,0.757812376273128,0.5288665158133851
2022-10-21,0.007737427155330764,0.7636758943319495,0.6760983508979803
2022-10-24,0.006789495602630355,0.7688608684583511,0.2965325791794151
2022-10-25,0.017394690186497756,0.7822349650617059,0.0846962596664044
2022-10-26,-0.012343076060919262,0.7725797793904388,0.11901180972795766
2022-10-27,-0.008873202959756377,0.7657245222053036,0.3821554460543938
2022-10-28,0.012497344390108536,0.7752940452672547,0.21466306320489906
2022-10-31,-0.007523061970634853,0.7694614601192449,0.7371333192174293
2022-11-01,-0.004375929628774089,0.7660943509177093,0.8951648159816321
2022-11-02,-0.011701085951536277,0.7571302150706347,0.7522860455506021
2022-11-03,-0.00539707454673688,0.7530439268583116,0.0
2022-11-04,-0.016800669861110507,0.7403922844522508,0.7425401705845662
2022-11-07,-0.0034766776515238085,0.737818179143535,0.5698008654782468
2022-11-08,0.018376070188824405,0.7513763777900673,0.2565690078290106
2022-11-09,-0.0050172660211305065,0.747606522620701,0.0
2022-11-10,0.030444387121792982,0.7703669450101431,0.5848550025225571
2022-11-11,0.004977298295995428,0.7742012910928333,0.38931741141963827
2022-11-14,-0.005479183472680636,0.7699593001741495,0.261581651611827
2022-11-15,0.009024298374811918,0.7769076426353824,0.12890023343848236
2022-11-16,-0.005223957195712373,0.7728491103652334,0.14476490970405664
2022-11-17,-0.003892320557731186,0.7698409338849346,0.2450102964796658
2022-11-18,-0.0016733070230089242,0.7685527536436652,0.08717392381939645
2022-11-21,-0.0047687118095790584,0.7648877470510801,0.2703348762179
2022-11-22,0.012264223070720514,0.7742685010049755,0.3069737698058066
2022-11-23,0.011345306646659848,0.7830528145757265,0.14229839779807849
2022-11-25,-0.002160205889676616,0.7813612592737522,0.20182827181577742
2022-11-28,-0.0020958382789235596,0.7797236524368983,0.6251097756332892
2022-11-29,-1.0354713450538844e-05,0.7797155786219068,0.5
2022-11-30,0.009951503285812728,0.7874749207645619,0.14216091676912962
2022-12-01,0.012071080962626502,0.7969805942891489,0.4506578461109923
2022-12-02,0.0004114585947221222,0.7973085188044959,0.40091565961927156
2022-12-05,-0.015609359702193314,0.7848630433408536,0.41586531011753225
2022-12-06,0.003971941033088356,0.7879804730680536,0.3749999999999999
2022-12-07,0.005874482834599418,0.7926094508310914,0.6047946953644603
2022-12-08,-0.0019448217608051014,0.7910679667232953,0.37002820160246946
2022-12-09,-0.007835862516882225,0.784869266894542,0.12876177312385229
2022-12-12,-0.0001504636652089644,0.7847511725879351,0.1348111839542529
2022-12-13,0.01278963577645057,0.7947878542604773,0.35988984722412176
2022-12-14,-0.00401275145796873,0.7915985681395177,0.5428727686447048
2022-12-15,-0.02250693258870478,0.7737821125290864,0.7861013107895811
2022-12-16,-0.02185753262634859,0.7568691447587969,0.4791997892834826
2022-12-19,-0.004204018017931242,0.7536872532370147,0.33333223991186595
2022-12-20,-0.0021690789828803553,0.7520524460563535,0.3173679247175707
2022-12-21,0.0019128583883080983,0.75349101588624,0.07869150502514313
2022-12-22,-0.006089996184448453,0.7489022584744766,0.40975928642615767
2022-12-23,0.0006136916155761729,0.7493618535113884,0.30584644647226367
2022-12-27,-0.0010246512395758406,0.7485940189592971,0.3670377996307733
2022-12-28,-0.011195442066318964,0.7402131779888454,0.528128331593086
2022-12-29,0.013086173357373165,0.7498997359574197,0.34327143120986936
2022-12-30,-0.0011279141536526165,0.7490539134314129,0.13223846232679445
2023-01-03,-0.0021241285724024513,0.7474628266116234,0.2306950188277902
2023-01-04,0.009333449673530732,0.754439233286638,0.2390970677392171
2023-01-05,-0.012003567616102105,0.7453832709376416,0.07369437815076434
2023-01-06,0.02199851523905647,0.7617805961823011,0.06251746919624084
2023-01-09,0.0028420744537316373,0.7639456333540593,0.038298152789392345
2023-01-10,0.0018679992574575533,0.7653726832299026,0.03132089914640848
2023-01-11,0.013416143013121941,0.7756410326064518,0.06626724376525904
2023-01-12,0.008062915961049168,0.781894961068299,0.025609121938745257
2023-01-13,0.0022624701977478692,0.7836639751154852,0.08031227413034309
2023-01-17,-0.0016650519932641232,0.7823591338516699,0.06422342543343247
2023-01-18,-0.006592630800002196,0.7772013289291764,0.237501682475334
2023-01-19,-0.006595298278788171,0.7720754543422179,0.35719790679520014
2023-01-20,0.006313231165472847,0.7769497451626678,0.25586909239482125
2023-01-23,0.006748477943014159,0.7821929733807286,0.1936873950524776
2023-01-24,0.0013374090781708178,0.7832390853642094,0.3289369974144419
2023-01-25,-0.0009432360434193375,0.7825003060282791,0.17223178760718277
2023-01-26,0.010510407331890853,0.7907247029819656,0.24190824113892095
2023-01-27,0.004146509343940371,0.7940034503513648,0.34907176625790487
2023-01-30,-0.017055557048275657,0.7804612792073694,0.2798699007461779
2023-01-31,0.014961202117863373,0.7921379181507571,0.515324180664749
2023-02-01,0.014229937741527733,0.8034099914087458,0.10096519560566698
2023-02-02,0.01755294351607719,0.8175122016081956,0.05799295271047547
2023-02-03,-0.014595122205472837,0.8055805111212588,0.18226453020939504
2023-02-06,-0.007533730468954218,0.7995114846794289,0.1447204080763837
2023-02-07,0.012942796156564918,0.8098593988504673,0.1007192261041008
2023-02-08,-0.011949961044962487,0.8001816105823075,0.4728443258811797
2023-02-09,-0.006856164520633867,0.7946954338137694,0.0
2023-02-10,-0.0034904392545940244,0.7919215976761392,0.0
2023-02-13,0.006119737464723343,0.7967679499465614,0.0
2023-02-14,-0.0006747557859769215,0.796230326162254,0.75
2023-02-15,-0.0037356300304733038,0.7932559042446687,0.27402633521953984
2023-02-16,-0.0011150648262521212,0.7923713724876287,0.875
2023-02-17,0.0007299164140542463,0.792949737358434,0.875
2023-02-21,-0.0048634263893785334,0.7890932846803143,0.875
2023-02-22,-0.0001973650508975966,0.7889375452440204,0.5360180599853792
2023-02-23,0.0013621183437691816,0.7900121715464854,0.22735326703024478
2023-02-24,-0.006299700559059086,0.7850353314277305,0.7126595122127745
2023-02-27,0.006603487091104713,0.7902193021048747,0.6532143973842579
2023-02-28,0.0008340084636739791,0.7908783516909887,0.6529441265216996
2023-03-01,0.005287207027742212,0.7950598892701385,0.5767383546935931
2023-03-02,-0.0026600975115022452,0.7929449524371958,0.08199514599003926
2023-03-03,0.010685567424247045,0.8014180191901797,0.3767424157228637
2023-03-06,-0.0016996541411488553,0.8000558857350719,0.16010481372890514
2023-03-07,-0.013181319540524926,0.7895100934549202,0.3541069356284763
2023-03-08,0.002996919293287776,0.7918761914862407,0.11685319713496335
2023-03-09,-0.014945269444139314,0.7800413884380799,0.5174167867970845
2023-03-10,-0.014043525057208295,0.7690868576538902,0.875
2023-03-13,0.007496452916810337,0.7748522810712303,0.75
2023-03-14,-0.008207122569643541,0.7684929734271109,0.6370631100753216
2023-03-15,0.005383971755712704,0.7726305178905061,0.5523240822624214
2023-03-16,0.016430639808554796,0.7853253316350621,0.5058536120881634
2023-03-17,0.003523910978867453,0.7880927481931936,0.5146922375217879
2023-03-20,0.0027405930270672477,0.7902525896835741,0.3365787493214374
2023-03-21,0.0028804632121505265,0.7925288831964644,0.20820507327530685
2023-03-22,-0.005052436748210477,0.7885246811429845,0.40269771761843387
2023-03-23,0.009187107011848257,0.7957689417701287,0.016359980441857047
2023-03-24,0.0029529275040500614,0.7981187897651505,0.09296106760933842
2023-03-27,-0.0038578225705902486,0.7950397890839823,0.25988902044029594
2023-03-28,-0.002024093672536979,0.7934305540774823,0.24759152366450363
2023-03-29,0.015563106692818744,0.8057787984439325,0.2912755088795592
2023-03-30,0.0076478606672002025,0.8119412824230157,0.12753437217555863
2023-03-31,0.014559892236032698,0.8237630599970809,0.028115345092536718
2023-04-03,-0.00026955910419186645,0.8235410071645617,0.14010301318329316
2023-04-04,-0.0042869174647764356,0.8200105548379883,0.06839052672485636
2023-04-05,-0.004955764277236252,0.8159467758233656,0.32299353433664535
2023-04-06,0.004100212295979834,0.8192923308264617,0.6177667620550799
2023-04-10,-0.0029894501878560543,0.8168430972141635,0.10318501869470922
2023-04-11,0.0018566352690872097,0.8183596769177617,0.29239840352175794
2023-04-12,-0.003122240545849919,0.8158045611534004,0.47266085207828035
2023-04-13,0.0055775691794646,0.8203547675301562,0.22812426605251662
2023-04-14,-0.007961366526356983,0.8138236225442044,0.5824009780505888
2023-04-17,-0.004503402919162186,0.8101586468667556,0.07924654530693284
2023-04-18,0.0020775165746187057,0.811841764883692,0.75
2023-04-19,-0.000945566730636116,0.811074114320277,0.0
2023-04-20,-0.0006611939472354472,0.810537837025129,0.0
2023-04-21,-0.0013306799282041676,0.8094592705943497,0.625
2023-04-24,0.004290793894426634,0.812932493490403,0.625
2023-04-25,-0.0029226071661376113,0.8105566111593419,0.0
2023-04-26,-0.0032255566486658754,0.8079421148930968,0.6660474344666639
2023-04-27,-0.007676721480885626,0.8017397683043848,0.41822220042116803
2023-04-28,0.006798239426454998,0.8071901872070285,0.502174765954504
2023-05-01,-0.022353545730005534,0.7891466244444845,0.6831276974402019
2023-05-02,0.004981105447381091,0.7930774469942874,0.21452815805480338
2023-05-03,0.000904512917637712,0.7937947957897808,0.6776340170101107
2023-05-04,0.004334309768209628,0.7972353483271264,0.09781436496932264
2023-05-05,-0.012299744368799548,0.7874295573409319,0.44738465755731005
2023-05-08,-0.002719353049073761,0.785288258373246,0.1876590708597386
2023-05-09,-0.0005053173111028177,0.7848914386220842,0.29629068112561474
2023-05-10,0.0042735234292689585,0.7882456905744684,0.1593745430566468
2023-05-11,-0.0016463573690290354,0.7869479564731857,0.21058792680349864
2023-05-12,-0.002961700871560843,0.7846172520246261,0.33438515207675723
2023-05-15,0.0022258381202964455,0.7863636830140247,0.07458415453954885
2023-05-16,-0.004242094192404144,0.7830278542011934,0.38332637126802815
2023-05-17,0.012109898157171185,0.7925102417697981,0.38254724092128223
2023-05-18,0.00942002787591988,0.7999757103392215,0.08180432251495537
2023-05-19,-0.0017593697392129367,0.7985682572823453,0.07763559069515183
2023-05-22,0.002120423718969686,0.8002615603563029,0.06619674324724986
2023-05-23,-0.010529720968762948,0.7918350294237242,0.20258239794128696
2023-05-24,-0.00591500624561127,0.7871513202791891,0.11106497749990923
2023-05-25,0.02025347204659559,0.8030938675409045,0.30636578972337625
2023-05-26,0.016374765463307104,0.816244341266907,0.09831531001441676
2023-05-30,0.003420863847084887,0.8190366020243347,0.20291496154664862
2023-05-31,-0.005468236067908676,0.8145579165362079,0.04433323503198657
2023-06-01,0.010758690617562686,0.8233214931503074,0.39685781889273863
2023-06-02,0.004616268999848428,0.8271221666360461,0.12143458619573863
2023-06-05,-0.0008311863333953678,0.8264346739950899,0.1948648727856533
2023-06-06,0.002291905668312487,0.8283287843089091,0.08651489865678834
2023-06-07,-0.0050271306461952495,0.8241646672921842,0.23446004897685438
2023-06-08,0.003931029945389204,0.8274044832792414,0.08167709897563752
2023-06-09,-0.0012131717207858861,0.8264006995584756,0.1634792063196146
2023-06-12,0.00364341926918955,0.8294116237913187,0.327700869326623
2023-06-13,0.006180934213687057,0.8345381624740403,0.4277365900180435
2023-06-14,0.0030303972835956875,0.8370671446546586,0.2813938541184962
2023-06-15,0.010972949522566148,0.8462522401799527,0.09462414039641798
2023-06-16,-0.0040222841208549815,0.8428483732320389,0.18638386862118886
2023-06-20,-0.0036786469713083764,0.8397478316165766,0.22654961047656713
2023-06-21,-0.007115161849698248,0.8337728898816915,0.885791037176038
2023-06-22,-0.00448490159121136,0.8300335005211522,0.29037084102946525
2023-06-23,-0.00022632719451266695,0.8298456413676277,0.547640006692829
2023-06-26,0.0016128323304094583,0.8311840432472748,0.75
2023-06-27,-0.003093919700191886,0.8286124265613869,0.4503844890101483
2023-06-28,0.002280266803287461,0.8305018839704663,0.22639566378430775
2023-06-29,-0.01100058803360319,0.8213658748837759,0.4210917324665649
2023-06-30,0.005117403091851679,0.8255691351514476,0.36814033192865886
2023-07-03,0.004410793419870292,0.8292105500604215,0.4533961114781588
2023-07-05,-0.00019216721891707114,0.8290512029751198,0.08876981540591575
2023-07-06,-0.007671276033261974,0.8226913223513898,0.19650647132722968
2023-07-07,-0.0026439283916657374,0.820516185406648,0.19038192967455236
2023-07-10,0.0021926829416645827,0.8223153172497487,0.09178335000357074
2023-07-11,0.007898362728934004,0.8288102619029456,0.2566937462010337
2023-07-12,0.010426640423746615,0.8374519684833188,0.23159400012939574
2023-07-13,0.01030689384567392,0.846083497023327,0.10583236464793508
2023-07-14,-0.0011087524505852897,0.8451453998726026,0.05692230095587161
2023-07-17,0.005394726982608892,0.8497047285655231,0.065696408077243
2023-07-18,0.00664291978607774,0.8553492489192349,0.04244618038080766
2023-07-19,0.0012453381357132893,0.8564144479582678,0.11554308117119852
2023-07-20,-0.015429022222210575,0.8432008104092975,0.1766463398851107
2023-07-21,-0.0010208055428878788,0.8423400663482642,0.17480572871018973
2023-07-24,0.0012227181198376518,0.8433700108104535,0.3322735929920624
2023-07-25,0.0002788808303837337,0.8436052105393891,0.10544336510876542
2023-07-26,0.0010137801026410354,0.8444604407163182,0.08398277828009881
2023-07-27,-0.010051590828409297,0.8359722698954596,0.1330570018678317
2023-07-28,0.0076740010062464545,0.8423875219358314,0.4056770346023688
2023-07-31,0.0013936863579366984,0.8435615459332495,0.1365358694715615
2023-08-01,-0.002690253699082045,0.8412921513638992,0.1455503805146527
2023-08-02,-0.01904599183625189,0.8252689079171196,0.7095228931067428
2023-08-03,-0.006082850971147261,0.8202489201391383,0.75
2023-08-04,0.00589964857798548,0.8250881005144313,0.75
2023-08-07,0.002120165886787706,0.8268374241587365,0.5592691342431635
2023-08-08,-0.0006115561591147982,0.8263317666394057,0.5592691342431635
2023-08-09,-0.001855547753747272,0.8247984685859678,0.625
2023-08-10,-0.0020574120396678955,0.8231015182863994,0.3139400785326453
2023-08-11,-0.0024055966187310584,0.8211214680571373,0.054616565467384845
2023-08-14,-0.002766216456669246,0.8188500683392731,0.08657445541034892
2023-08-15,-0.004172321091299156,0.8154335629285294,0.42986251319672236
2023-08-16,-0.002681928725740022,0.8132466282321789,0.07508186958987287
2023-08-17,-0.0019890788303364047,0.8116290165801198,0.75
2023-08-18,0.0012651247964433204,0.8126558285745081,0.0
2023-08-21,-0.00018134694571521337,0.8125084559220784,0.32829756123551024
2023-08-22,-0.00019330961544557397,0.8123513902249179,0.5424171188551828
2023-08-23,0.003588398322367044,0.8152664305907735,0.8027158531464096
2023-08-24,-0.01574930308771861,0.802426552478157,0.35388330632706233
2023-08-25,0.0032796259537486118,0.8050582114256414,0.30981251361225765
2023-08-28,0.004772048548385498,0.808899988294841,0.11890839019575546
2023-08-29,0.013726267875858258,0.8200031662189546,0.13526511194252971
2023-08-30,0.003609762606918282,0.8229631829859264,0.0392410529077789
2023-08-31,-0.00015357784593089105,0.822836794073003,0.06441103161420562
2023-09-01,-0.0007715685716803311,0.822201919063074,0.13465148004156866
2023-09-05,-0.0047039906732220995,0.818334288904296,0.20893171442436825
2023-09-06,-0.0067616200352639015,0.8128010233808973,0.04928114625935461
2023-09-07,-0.0034248106383349217,0.810017333789173,0.14984643042321102
2023-09-08,0.0001966907834453352,0.8101766567331603,0.7221870769864066
2023-09-11,0.0005533281515689657,0.8106249502850749,0.43682361609634196
2023-09-12,-0.0010638923944872678,0.809762532565685,0.43518553457962816
2023-09-13,-0.0005250578027174158,0.8093373604296131,0.625
2023-09-14,-0.002911221042424256,0.8069812004755104,0.24810625007495357
2023-09-15,-0.0025464559326864094,0.8049262584099931,0.6226277221746677
2023-09-18,0.0006696768018841226,0.8054652988524776,0.7275123305633733
2023-09-19,-0.0015284857105515768,0.8042341566528365,0.12814042416294658
2023-09-20,0.000270085785867263,0.8044513688670574,0.22465479151629025
2023-09-21,-0.007163155023404395,0.7986889590030728,0.14463681066542272
2023-09-22,0.0024027898074712195,0.8006080406931052,0.75
2023-09-25,-0.0043234672602626145,0.7971466380408656,0.5
2023-09-26,-0.004001267747839698,0.7939570409077739,0.5
2023-09-27,-0.00418579056711893,0.7906337030152444,0.875
2023-09-28,0.0047629215356805865,0.7943994293061706,0.0
2023-09-29,-0.0014896879600916346,0.7932160220408295,0.875
2023-10-02,-0.007487680690871704,0.7872766737489043,0.875
2023-10-03,-0.01015236392060248,0.779283954450804,0.875
2023-10-04,0.007929714928913839,0.7854634540582757,0.0
2023-10-05,0.00013087043441156743,0.7855662480017227,0.0
2023-10-06,0.002987082531506563,0.7879127992184698,0.34698178407104946
2023-10-09,0.00569810683053823,0.792402410521565,0.4260765521913683
2023-10-10,0.005430735428502226,0.796705738366015,0.28042158308539344
2023-10-11,0.006627084195389693,0.8019855743731167,0.1431386414389747
2023-10-12,-0.005659794831172173,0.7974465005646051,0.2656438585904738
2023-10-13,0.0005465510765638607,0.7978823458079908,0.25458437055736244
2023-10-16,0.004158250779572691,0.8012001406944542,0.27899767577573353
2023-10-17,-0.0018401265545349497,0.7997258310400652,0.08313095925358513
2023-10-18,-0.0031446627286060547,0.7972109630260901,0.5666185372545867
2023-10-19,0.009570570722554197,0.8048407269285268,0.08615723737422895
2023-10-20,0.0026104178155926952,0.8069416975008157,0.053868687625268696
2023-10-23,-0.0033770637265357895,0.8042166039647565,0.060507426311724594
2023-10-24,-0.0005017514336103805,0.8038130871307838,0.31218793303559933
2023-10-25,-0.0005249322187240299,0.8033911397435168,0.04266007446751992
2023-10-26,0.0028330606213712497,0.8056671955450828,0.39933315806589165
2023-10-27,0.011629799758342996,0.8150369437011379,0.0
2023-10-30,-0.005640547017974118,0.8104396894988057,0.7078243522355233
2023-10-31,-0.0026846029904737355,0.8082639806847787,0.22373305483547046
2023-11-01,0.009206582301936342,0.8157053295446437,0.24743453086810654
2023-11-02,0.017768646083921102,0.8301993088540907,0.48595916552495333
2023-11-03,0.011321488527791088,0.8395984008050623,0.08768268909362972
2023-11-06,-0.0007245456857652352,0.8389900734059836,0.04513129941286735
2023-11-07,0.0049248520649181745,0.8431219754014428,0.14307571383758866
2023-11-08,0.0016784490839442468,0.8445371127087087,0.02999227619848072
2023-11-09,-0.009206252981199241,0.8367620903971007,0.10043351308240422
2023-11-10,0.015683460920318124,0.8498854159414473,0.05140998391997246
2023-11-13,-0.002235956168742952,0.8479851094029484,0.18164520549600302
2023-11-14,0.02059491611063421,0.8654492915941691,0.02704204628336222
2023-11-15,0.0013216651990910519,0.866593125804447,0.2573825976711327
2023-11-16,0.0012927211120435807,0.8677133890337262,0.2573825976711327
2023-11-17,0.000678295562839526,0.8683019551753242,0.3388454446257312
2023-11-20,0.007756620294094728,0.8750370437422391,0.08426507387165044
2023-11-21,-0.0027264056832400955,0.8726513377731346,0.6354227097630687
2023-11-22,-0.0024312325245593965,0.8705297194581404,0.22844396929358946
2023-11-24,0.002440410072315846,0.8726541689537564,0.06140359366344252
2023-11-27,0.005194673104873852,0.8771873220950764,0.4873172111045094
2023-11-28,0.013331852960406732,0.888881854491981,0.16585884715794597
2023-11-29,0.0014067923240870604,0.8901323266619006,0.1750642707824456
2023-11-30,-0.004501597773232043,0.8861253089623176,0.17813370769335876
2023-12-01,0.015354110487550941,0.8997309748619402,0.18051921271195537
2023-12-04,-0.014039979583073334,0.8870987703446199,0.26994983910964404
2023-12-05,1.217579913191419e-05,0.8871095714810577,0.6242435385680452
2023-12-06,0.0022601177685544066,0.8891145435862168,0.5042466991376743
2023-12-07,-0.0041410781171450995,0.8854326508061364,0.40997741535794563
2023-12-08,-0.005823883394861316,0.8802759942938385,0.058904468875573726
2023-12-11,-0.00031809724904239113,0.8799959809216555,0.5758291928355357
2023-12-12,0.005508710669422334,0.8848436241708074,0.28776760633363596
2023-12-13,0.014882134350918097,0.8980119858652705,0.13538909193525775
2023-12-14,0.005487325863677348,0.9029396702612014,0.06657205146953979
2023-12-15,-0.0002720484607291519,0.9026940269137755,0.09119233606452753
2023-12-18,0.0030377920524807113,0.905436223654556,0.08263349840766014
2023-12-19,0.005464539328181906,0.9103840155078767,0.04824840088929551
2023-12-20,-0.009769278290643344,0.901490220709027,0.09756746188747126
2023-12-21,0.008077582353507492,0.9087720822076858,0.2400769241851968
2023-12-22,0.001227398151235421,0.9098875073812819,0.10879065309243693
2023-12-26,0.005146196928121442,0.9145699676767035,0.04312735210245969
2023-12-27,0.004393349737762247,0.9185879934043611,0.12351583283984215
2023-12-28,-0.002227881884690413,0.9165414878543615,0.1595258667916907
2023-12-29,-0.0040931539441920895,0.9127899424483348,0.14374866623689467
2024-01-02,-0.004539279795632568,0.9086465335049224,0.366474376797405
2024-01-03,-0.011327896671969033,0.8983534794620358,0.48983443140909055
2024-01-04,-0.003930568834267081,0.8948224392735069,0.625
2024-01-05,-0.0020573382401765706,0.8929814868510214,0.3044520888729627
2024-01-08,0.0036184694831895734,0.8962127131102451,0.2722326027520564
2024-01-09,0.0002011372298846091,0.8963929748527475,0.7341768410253674
2024-01-10,0.004437379445771622,0.9003706106146933,0.29040368411653067
2024-01-11,0.0005941366261981641,0.9009055537716119,0.21426020196598694
2024-01-12,0.0006093809529844021,0.9014545484565181,0.0805812001752002
2024-01-16,-0.0023900847840628878,0.8992999956567279,0.08963097549891502
2024-01-17,-0.00591264325624522,0.8939827556020669,0.1492743181181221
2024-01-18,0.011676464784203387,0.9044213137655395,0.15889455428420565
2024-01-19,0.0141375014133627,0.9172075713671751,0.10185969106356696
2024-01-22,0.0017133842495337106,0.9187791003735086,0.07470270533403137
2024-01-23,0.0033570563280648238,0.9218634935665113,0.13133275062453065
2024-01-24,0.0020498971722982115,0.9237532189352182,0.026323425288563938
2024-01-25,0.0035439702694394074,0.9270269728794235,0.07192635986217275
2024-01-26,-0.0032545472925704253,0.9240099197546989,0.0545608729290967
2024-01-29,0.008452694108173588,0.9318202929593034,0.09260412331469542
2024-01-30,-0.002577924794385956,0.9294181303221716,0.20169974751089828
2024-01-31,-0.00949854710648565,0.9205900084296846,0.839770837176604
2024-02-01,0.01961616193111615,0.938648451107209,0.6453463411094178
2024-02-02,-0.013195049530892667,0.9262629383027536,0.21325670222259852
2024-02-05,-0.010851958983768149,0.9162111708881077,0.08355654589232156
2024-02-06,0.005977018729885634,0.9216873822170363,0.2615026849236308
2024-02-07,0.0019281901703935862,0.9234645707676029,0.28228566645076064
2024-02-08,6.309472132328157e-07,0.9234651534250002,0.11835177544238429
2024-02-09,0.003660195380525796,0.9268452163136429,0.12318418829016697
2024-02-12,-0.0015121952710812406,0.9254436453605092,0.29000409318823306
2024-02-13,-0.015188535011523284,0.9113875121517593,0.6373414836334828
2024-02-14,0.0065990742766292255,0.9174018260392411,0.37343121535610924
2024-02-15,0.01538840917256309,0.9315191807139895,0.3005784863184539
2024-02-16,-0.007082457005733513,0.9249217361665666,0.43289457954203614
2024-02-20,0.00010700944041388801,0.9250207115239804,0.07812054812251427
2024-02-21,0.003016656825950509,0.9278111815675447,0.11142528395529827
2024-02-22,0.0017267301453410791,0.9294132611039418,0.3464842768267429
2024-02-23,0.0018951443779653674,0.9311746334205294,0.5606127985890913
2024-02-26,-0.003469064686170628,0.9279443283830724,0.28268603511589585
2024-02-27,0.0003842625451627702,0.9283009026324661,0.28982451578676555
2024-02-28,0.0002691343931162949,0.9285507403325254,0.5584035694105502
2024-02-29,0.004337367032913967,0.9325782057020314,0.5267181965794085
2024-03-01,0.012220643529862919,0.943974911517635,0.1390634384871508
2024-03-04,0.0017938479503938395,0.9456682589778841,0.14246358777146795
2024-03-05,-0.00590384651795301,0.9400851787199788,0.6080097258548707
2024-03-06,0.007954502151357828,0.9475630882965664,0.35162744665685886
2024-03-07,0.004484522943969068,0.9518124567068906,0.1875157148972043
2024-03-08,0.001550484478985713,0.9532882271479199,0.2500886321532032
2024-03-11,0.0008640359391373477,0.9541119024365323,0.05558494960254142
2024-03-12,-0.00829267674391304,0.9461997608521063,0.26352103746127853
2024-03-13,0.002273701205543925,0.948351136389041,0.15266502839622
2024-03-14,-0.004024451829355702,0.9445345429233285,0.19960939266327554
2024-03-15,-0.0035469169285628436,0.9411843573634214,0.8035613679717942
2024-03-18,0.0023360251016242284,0.9433829876474784,0.24387592574448413
2024-03-19,0.002912444951567955,0.9461305386672475,0.6507301175257482
2024-03-20,0.00718969869324971,0.9529329321647472,0.29129470860824525
2024-03-21,0.0034107386422090012,0.9561831373399151,0.14248954551894785
2024-03-22,-0.0005534743168879119,0.9556539145311562,0.0995444611710662
2024-03-25,-0.0032248263748120096,0.9525720965823838,0.06638821235708789
2024-03-26,-0.00250114253913512,0.9501895779900285,0.10456150938367406
2024-03-27,0.005202393669015588,0.9551328382349283,0.22216934914194314
2024-03-28,-0.001061613838249455,0.9541188559964917,0.14917136928561095
2024-04-01,-0.0022771653201636172,0.9519461696263023,0.2966253146309533
2024-04-02,-0.0014676903213937194,0.9505490074466539,0.6888695415173398
2024-04-03,0.00819434986014855,0.9583381385728886,0.06960741534511232
2024-04-04,-0.005734705223283232,0.9528423518439432,0.0
2024-04-05,0.017114197447369417,0.9691494839896162,0.35586442886370717
2024-04-08,0.004895997876614613,0.9738944378053515,0.06889972066452396
2024-04-09,0.005121963887451319,0.9788826899459802,0.193662947174096
2024-04-10,-0.01172836859260153,0.9674019929493765,0.18230528741069732
2024-04-11,0.013503012679490046,0.9804648343263357,0.28526084145407
2024-04-12,-0.013178019888131099,0.9675442492399701,0.012113730970572487
2024-04-15,0.018719155193965165,0.9856558601985216,0.0
2024-04-16,0.0012220152803359419,0.9868603467208369,0.0
2024-04-17,-0.00736825275209374,0.9795889102551789,0.0
2024-04-18,0.0034154561341950274,0.9829346532076993,0.5904738993196332
2024-04-19,0.002192499731018785,0.9850897371704662,0.6129719538928956
2024-04-22,0.0025027175106082183,0.9875551385052033,0.4834238448163709
2024-04-23,0.00262935166990568,0.9901517682577559,0.14819300015174575
2024-04-24,-0.002320268307870798,0.9878543504898851,0.33554114713681155
2024-04-25,-0.003273427395128253,0.9846206809965949,0.11962260064017385
2024-04-26,0.004170691488493786,0.9887272300902225,0.29808829062354625
2024-04-29,0.004502794377563322,0.9931792655028164,0.10300624862976254
2024-04-30,-0.015594447251290527,0.9776911838358573,0.05227864536379767
2024-05-01,-0.003642010726948389,0.9741304220566842,0.3019473331531799
2024-05-02,0.009071213836684999,0.9829669674199807,0.04090043042020633
2024-05-03,0.01161739788497368,0.9943864857882845,0.17495927618835488
2024-05-06,0.00810219357606854,1.0024431975855677,0.0351650716189129
2024-05-07,0.0014636241835428885,1.003910397692182,0.0814767468964905
2024-05-08,-0.0012594598007115757,1.002646012902772,0.07894529282445967
2024-05-09,0.005545005906370137,1.0082056909663164,0.09303181328686339
2024-05-10,0.0018461774625162725,1.010067017590559,0.15372882441063207
2024-05-13,-0.0011786701061010142,1.0088764817917664,0.08025135932141038
2024-05-14,0.0062711900898429025,1.0152033379862544,0.052582085290097356
2024-05-15,0.013345770066249188,1.0287520083055075,0.01952395878896871
2024-05-16,-0.002382820672476575,1.0263006767532654,0.04760088920298094
2024-05-17,0.004340456193304583,1.0307552898818717,0.08355482219208261
2024-05-20,0.0021729811020573288,1.0329951016476306,0.11165348838112704
2024-05-21,0.0005102652403701835,1.0335222031414741,0.2495307656729786
2024-05-22,-0.011617617266826427,1.0215151377486094,0.1418846114297322
2024-05-23,-0.016102697217241065,1.0050659887826152,0.75
2024-05-24,0.0036636911100264014,1.0087482401107082,0.75
2024-05-28,-0.002195778266672283,1.006533252648529,0.6433664958944971
2024-05-29,-0.00547993424762383,1.0010175166059683,0.875
2024-05-30,0.0025783514621544046,1.0035984915835514,0.0
2024-05-31,0.004633039722634194,1.0082482032606337,0.0
2024-06-03,0.005416311328496376,1.0137091894258905,0.0
2024-06-04,0.0022037915629361526,1.0159431931848182,0.0
2024-06-05,0.007001966879511892,1.0230567937749637,0.49695548066105977
2024-06-06,-0.0007869967211037844,1.0222516514327598,0.2706544896904532
2024-06-07,-0.01876266193910906,1.003071489280231,0.42313303610618513
2024-06-10,-0.0004823867412394883,1.002587620893287,0.24364608761585413
2024-06-11,0.0035341478357387053,1.0061309137638053,0.5684331693452527
2024-06-12,0.01216688649082814,1.0183723943864826,0.19041122099412616
2024-06-13,0.004202081680048178,1.0226516783684008,0.08540022273415986
2024-06-14,0.003829530283283621,1.0265679539399633,0.03382885268009488
2024-06-17,0.010642454454435164,1.037493156634152,0.27945255892469334
2024-06-18,0.002273460680835823,1.0398518565323962,0.2005384466875602
2024-06-20,-0.005907362883522798,1.0337090742707544,0.1735462633817196
2024-06-21,-0.0027119151186772417,1.0309057430039257,0.06294559189651032
2024-06-24,-0.005524902328844864,1.0252100894635838,0.8290748675570587
2024-06-25,-0.008480646135680624,1.0165156454801136,0.5031247028407684
2024-06-26,-0.005814763281239253,1.0106048476299707,0.09532831768800065
2024-06-27,0.003833071336574211,1.014478568104024,0.3004794535211087
2024-06-28,0.003682408547739667,1.0182142926547089,0.12205939430571894
2024-07-01,-0.003928601610465819,1.0142141343447864,0.1267385178930412
2024-07-02,0.0029309754912885478,1.0171867711154694,0.4681745695168552
2024-07-03,0.004329157994806612,1.0215903333578555,0.3375900564297637
2024-07-05,0.007989372786935086,1.0297521993665808,0.11227633604489616
2024-07-08,0.0002700612337706341,1.0300302955160199,0.04321409469529849
2024-07-09,0.000694277383288581,1.0307454222542987,0.03732095131240813
2024-07-10,0.008549671423179469,1.0395579569355193,0.03984392877889475
2024-07-11,-0.008682536137207346,1.0305319574077052,0.1100463768836743
2024-07-12,0.005153624634147088,1.0358429322896774,0.15124018891603017
2024-07-15,0.0015477748114615109,1.037446183888906,0.0733077830714618
2024-07-16,0.008044009598986651,1.0457914109505404,0.11682212394042024
2024-07-17,-0.007862811492904541,1.0375685502253376,0.24847289908213335
2024-07-18,-0.006918616196877196,1.0303900116483782,0.19262221950345182
2024-07-19,-0.007610021967061519,1.0225487210250932,0.2728579332784709
2024-07-22,0.003787612334919674,1.0264217391739041,0.08464992889629458
2024-07-23,-0.0007828869837546994,1.025618166954462,0.46328673891779487
2024-07-24,-0.012832333089119281,1.0124570930138503,0.75
2024-07-25,-0.002902500503560515,1.009518435791544,0.0
2024-07-26,0.008193621463941286,1.0177900477152901,0.0
2024-07-29,0.0012003665134697888,1.0190117688063105,0.0
2024-07-30,0.0005158905125439706,1.0195374673100084,0.75
2024-07-31,0.009236680061701471,1.0289546087064683,0.0896197805912301
2024-08-01,0.0075193215088112525,1.0366916492273053,0.12201709518478696
2024-08-02,0.029094877624093272,1.0668540658954933,0.1318642344787659
2024-08-05,0.005291187674840048,1.0724989909798124,0.243327863956408
2024-08-06,-0.01909073392622569,1.0520241981068712,0.4352844720607557
2024-08-07,-0.003649860267308991,1.0481844567859533,0.11856928703700848
2024-08-08,-0.0025028389485454894,1.0455610199022494,0.17596074304004797
2024-08-09,0.00404857519350995,1.0497940523107265,1.0
2024-08-12,0.002153663417559626,1.0520549553571599,0.4103126101251607
2024-08-13,0.018315699971249717,1.0713240782727482,0.15423228691154472
2024-08-14,0.0005281955982271192,1.0718899469351666,0.04573560889563688
2024-08-15,0.01877619803164854,1.0920159648469545,0.06246537920325167
2024-08-16,0.002941713865045598,1.095228363351596,0.0898653042090963
2024-08-19,0.010222611259522753,1.1064244571505426,0.011588732096093568
2024-08-20,-0.0013516448534904941,1.104928964227259,0.044639093173980696
2024-08-21,0.0036806809677237453,1.108995855236577,0.08174444960609759
2024-08-22,-0.011350162506761982,1.0964085720603165,0.07069107010196252
2024-08-23,0.010906022324412177,1.1083660284238832,0.04996384128533287
2024-08-26,-0.004519632271046637,1.1033566215536867,0.14365377465642334
2024-08-27,0.0019631840493803208,1.1055227136738992,0.2997687333157359
2024-08-28,-0.005186184800084698,1.0997892685800952,0.37581184598562223
2024-08-29,-0.0006326517009201415,1.0990934850286742,0.1520851701493632
2024-08-30,0.002019527292694654,1.1013131343189124,0.22046082389097812
2024-09-03,-0.00026748458289347255,1.101018550034544,0.5407727956855428
2024-09-04,0.0030828753550510984,1.1044128529878996,0.875
2024-09-05,-0.003251118395299901,1.100822276045545,0.6316933955630741
2024-09-06,-0.000225185309501342,1.1005743870406077,0.2898125020002895
2024-09-09,0.005044524753968427,1.1061262617796175,0.15524234322431968
2024-09-10,0.007044253691767892,1.11391809578272,0.32882918858813603
2024-09-11,-0.0012111588188393778,1.112568964057548,0.36062220462860706
2024-09-12,0.0012240594778612599,1.1139308146427769,0.22593650757592798
2024-09-13,0.00633185244581842,1.1209840601959453,0.38142409096199015
2024-09-16,0.0007850109789287801,1.1218640449904032,0.09818885453587127
2024-09-17,-0.002378555303275021,1.1191956293166376,0.06600427319208374
2024-09-18,-0.004588144235264935,1.1140605983418548,0.09245678276216539
2024-09-19,0.011889325409513105,1.1273060273214581,0.16198557525472265
2024-09-20,0.0005673997625541968,1.1279456604936862,0.10166535071660608
2024-09-23,0.0020819498212335643,1.1302939867599122,0.08404233520388472
2024-09-24,0.00626947008836607,1.1373803311009636,0.07505415972123387
2024-09-25,-0.0011999032279458729,1.1360155847702735,0.13846195497679425
2024-09-26,0.004550874716867863,1.1411854493729725,0.0955699748286219
2024-09-27,-0.004947235834918133,1.1355397358235473,0.4190690084237778
2024-09-30,-0.00660487495552306,1.128039637861405,0.5368086802722755
2024-10-01,0.003136269291231479,1.1315774739369218,0.48099165289132695
2024-10-02,-0.0016887379121180435,1.1296665361561857,0.48138087551683106
2024-10-03,-0.005288234713619464,1.1236925943648703,0.14361912448316888
2024-10-04,-0.007861718527956824,1.1148584394760241,0.2016811296948
2024-10-07,-0.00444937507728571,1.109898016120718,0.45095886583126327
2024-10-08,0.0030804896216910654,1.1133170454405135,0.875
2024-10-09,-0.0006293106604237098,1.1126164231553863,0.9269800420474479
2024-10-10,-0.0013061081484704107,1.111163225778981,0.07301995795255223
2024-10-11,0.003332486886336214,1.1148661626574685,0.1177085894705727
2024-10-14,0.007765740087102249,1.1235239235085714,0.051966866204919436
2024-10-15,-0.008956967104749398,1.1134605566843063,0.09242678789861786
2024-10-16,0.002866650921461363,1.1166524594151364,0.3064131586354909
2024-10-17,-0.0011382053107598837,1.115381479655557,0.16422406242865842
2024-10-18,0.00562231887961933,1.1216525100066022,0.06588042626985166
2024-10-21,-0.004269784787220987,1.1168632951828277,0.09134250883915555
2024-10-22,0.003003752334075619,1.1202180759125764,0.18177439829500003
2024-10-23,-0.010338459787299657,1.1086367463817481,0.4652711597170025
2024-10-24,0.006422434445257808,1.115756893208989,0.1590795014300209
2024-10-25,-0.000927512228753827,1.1147220150462211,0.15937497542498047
2024-10-28,0.0005905204325149618,1.1153802811726803,0.20383425633364854
2024-10-29,0.0047364186500444055,1.1206631891383185,0.373592383046854
2024-10-30,-0.0004501633425811937,1.1201587076511883,0.09473512155306846
2024-10-31,-0.016273654664014803,1.1019296316739837,0.3789303965499026
2024-11-01,-0.004156718548778765,1.0973492203345556,0.5751717176781994
2024-11-04,0.0060800411471924,1.1040211487470293,0.6537055189112781
2024-11-05,0.004782616213723667,1.1093012581933206,0.6533654530338235
2024-11-06,-0.015734209268211265,1.0918472800554169,0.5826908930069061
2024-11-07,0.009968624064835991,1.102731495126503,0.4677978057661557
2024-11-08,0.0027068096720184887,1.1057163794031508,0.051648005632223576
2024-11-11,9.786579484695137e-06,1.1057272005843855,0.04628742538302928
2024-11-12,-0.003216927133411811,1.102170156750674,0.026165452672317624
2024-11-13,-0.0002786012576443047,1.1018630907588653,0.03730714988772412
2024-11-14,-0.006610016519340271,1.094579757526898,0.038254950169415644
2024-11-15,-0.018192217597983,1.0746669243996214,0.48864920911477194
2024-11-18,0.004097386384274371,1.0790702500232865,1.0
2024-11-19,0.0015117091774616842,1.0807014904233725,0.875
2024-11-20,-0.0007148953298092842,1.079928901974951,0.6324448136175038
2024-11-21,0.006989877816725894,1.0874774730505068,0.09369367124609505
2024-11-22,0.011575919631759524,1.1000660248798884,0.08103703391150782
2024-11-25,-0.02651646556418013,1.0708961620128363,0.03838087807923293
2024-11-26,0.001998917717393344,1.0730367953245723,0.49250137979005343
2024-11-27,0.001988670587780925,1.075170712039041,0.08446537973392684
2024-11-29,0.005252061166051437,1.0808175743826172,0.23304252473781445
2024-12-02,-0.0023338387390826327,1.0782951204576416,0.24393820301859334
2024-12-03,0.0003061293852998218,1.078625218280039,0.12048183602379284
2024-12-04,0.008025031705043192,1.0872812198545956,0.2329262398907339
2024-12-05,-0.002342464634078856,1.0847343020497882,0.06729466068359062
2024-12-06,0.006108465962462124,1.0913603646121746,0.08723232831374249
2024-12-09,-0.007027713765849449,1.083690596354287,0.11893052068108467
2024-12-10,-0.0030947482531972458,1.0803368467742134,0.24502915323107177
2024-12-11,0.013044996783655146,1.0944298374656471,0.14611664259016502
2024-12-12,-0.008948632841328507,1.0846361866795722,0.11327153153062902
2024-12-13,-0.0018783970755176706,1.0825988092385126,0.23943844320781887
2024-12-16,0.011167181889418702,1.0946883870545472,0.24948262521031522
2024-12-17,-0.004343233100952639,1.0899339002166635,0.0253197794463615
2024-12-18,-0.03607682275844315,1.0506125480801283,0.875
2024-12-19,-0.00488535413250972,1.0454799337266985,0.0
2024-12-20,0.008743397181757234,1.0546209800328281,0.0
2024-12-23,-0.00046584309155532633,1.0541296921350705,0.0
2024-12-24,0.0049636381210199365,1.059362010459451,0.75
2024-12-26,0.002653167933900907,1.0621726757759946,0.7494292155699652
2024-12-27,-0.008473062522681643,1.0531728202842605,0.20333321766997148
2024-12-30,-0.010806357132285026,1.041791858666253,0.8277624332399367
2024-12-31,-0.0010565467352979668,1.040691156879119,0.41952848977712653
2025-01-02,-0.0021337280595358056,1.0384706049563752,0.23201806259846336
2025-01-03,0.0003893929884465812,1.0388749781286533,0.05798612060520919
2025-01-06,-0.004189078045573593,1.0345230497656788,0.20871467157723567
2025-01-07,-0.006208332020126369,1.0281003871902596,0.15600946317808886
2025-01-08,0.0024957680730647584,1.0306662873125148,0.2373616683078682
2025-01-09,0.0,1.0306662873125148,0.14638304316239742
2025-01-10,-0.004434142005695385,1.0260961666340882,0.33458511733317886
2025-01-13,-0.005724500071995253,1.0202222790543174,0.17779870076031884
2025-01-14,0.001841211893480996,1.0221007244485065,0.1534720335576861
2025-01-15,0.012404044495221509,1.0347789073131641,0.39345290295838775
2025-01-16,0.0017349683346995313,1.0365742159507674,0.2996896725206811
2025-01-17,0.004276415081110381,1.0410070375605494,0.2833087166539582
2025-01-21,0.008927620053367578,1.0503007528647719,0.05242110481395443
2025-01-22,0.004589279217840452,1.0551208762823763,0.05571072729100773
2025-01-23,0.0026421208236544727,1.0579086331210745,0.016581131679785213
2025-01-24,-0.0018134963243913497,1.0559901197033676,0.053275533180496076
2025-01-27,-0.0160343560459263,1.0390579981430634,0.14964732414751158
2025-01-28,0.0076957096047821655,1.047054286759299,0.2533765244325391
2025-01-29,-0.004100710151667205,1.0427606206162383,0.2762064003979297
2025-01-30,0.005440792067708675,1.0484340643294061,0.3553048838659301
2025-01-31,-0.0019060520891464308,1.046435694390759,0.21403463536487372
2025-02-03,0.004836676970471694,1.0514969658148983,0.2515921587410355
2025-02-04,0.008701172245942154,1.0606462220305393,0.09151964810747834
2025-02-05,0.007350023160337147,1.068441996327388,0.14992158601205496
2025-02-06,-0.0024166318144826717,1.0658599654071337,0.24160428621212848
2025-02-07,-0.0013765198531689045,1.064392788004053,0.10319897331420005
2025-02-10,0.012112130355120956,1.0772848522014087,0.22405073023354521
2025-02-11,-0.00346749332885247,1.0735493741631266,0.1500188840418883
2025-02-12,3.092675614275409e-05,1.0735825755628285,0.1777088569105045
2025-02-13,0.010578246964181682,1.0849391971835745,0.29502867605418726
2025-02-14,-0.0026146852407464404,1.0821024226775913,0.3505468989060798
2025-02-18,0.0020786975580186036,1.0843517863411374,0.3963849827136671
2025-02-19,0.0004538551196816948,1.0848439249509043,0.18018682071929848
2025-02-20,-0.003120050791901623,1.0814591568037717,0.18841983468161716
2025-02-21,-0.017193490076025622,1.062865099523639,0.651562845790099
2025-02-24,1.5363119492822763e-05,1.0628814284471677,0.625
2025-02-25,0.005429191146097539,1.0686520148878447,0.625
2025-02-26,0.0009385864154883711,1.0696550371519025,0.6122214743361267
2025-02-27,-0.0046300442999988,1.0647024869441724,0.12284939153846682
2025-02-28,0.00858304231732366,1.0738408734449738,0.1338762753205118
2025-03-03,0.004341130047479771,1.0785025563268977,0.12212638191470551
2025-03-04,-0.010368447210244299,1.0673201595055088,0.3409619126264214
2025-03-05,0.001763414921414885,1.069202287800708,0.1694817372788893
2025-03-06,-0.007435573299926827,1.0612521558173162,0.7319150844658672
2025-03-07,0.005423822553279889,1.067008199194755,0.46829011572618306
2025-03-10,-0.0028403571704216667,1.0639775148052737,0.46829011572618306
2025-03-11,0.00819909788747264,1.072701170599232,0.40066361691168717
2025-03-12,7.720599278319257e-05,1.0727839895580678,0.22899290144964063
2025-03-13,0.007023803485369949,1.0803190134829748,0.5076266322255405
2025-03-14,0.00039975774946587883,1.0807508793805098,0.40847319349033323
2025-03-17,0.0044051403481753905,1.0855117386855948,0.40060253511919
2025-03-18,0.0002459155598654668,1.0857786829125542,0.09904448461457746
2025-03-19,0.00772412231376319,1.0941653702650473,0.21766862762600592
2025-03-20,-0.0021284677430794883,1.0918364745688436,0.12036994131065502
2025-03-21,-0.001866635568566954,1.0897984137703547,0.0978834880051491
2025-03-24,0.012847473312230502,1.1037995698069805,0.11749736262851355
2025-03-25,0.002582156089120287,1.106649752587326,0.22017019261801848
2025-03-26,-0.013860148450634057,1.0913114227336083,0.02959690935359799
2025-03-27,-0.0036740497066359784,1.0873018903210654,0.0514888280423013
2025-03-28,-0.019959308636924314,1.065600096310636,0.4683456433544563
2025-03-31,0.010270808419931299,1.076544670752103,0.4635587418257806
2025-04-01,-0.0004577516715606341,1.0760518806295565,0.11640815996198783
2025-04-02,0.001898231741721432,1.0780944764651064,0.1899333225709
2025-04-03,-0.005316519296220957,1.0723627663778303,0.3801074802306584
2025-04-04,-0.024141254092609296,1.0464745843552499,0.0
2025-04-07,-0.012567271782375017,1.0333232538403094,0.625
2025-04-08,-0.00703585546249642,1.0260529407802526,0.3452542036690558
2025-04-09,-0.001915607889869308,1.0240874256714703,0.4715878936683371
2025-04-10,-0.0019313166212333306,1.022109588604675,0.7204210383059604
2025-04-11,0.012177407746355451,1.0345562338265737,0.7000303069394743
2025-04-14,-0.002251289241986366,1.03222714850713,0.38008445627688436
2025-04-15,0.0014340331604841198,1.033707396467241,0.21893515020151355
2025-04-16,-0.0053743163515651265,1.0281519259036733,0.20283631836996102
2025-04-17,-0.0015606018488238998,1.0265473901072362,0.23378992931752157
2025-04-21,0.0025799005047198727,1.0291957802370926,0.38334716685511466
2025-04-22,-0.009268792059717371,1.0196563785613364,0.10611217319103888
2025-04-23,-0.015577253592491699,1.0037729325752847,0.33447065239954854
2025-04-24,0.013622354696978046,1.017446683498051,0.3351696850386609
2025-04-25,0.004121643796061131,1.0216402363089137,0.267128238911544
2025-04-28,0.0007163213769736329,1.022372059049758,0.028756167577852917
2025-04-29,0.006379035637035837,1.0288938068487463,0.05898963994692362
2025-04-30,-0.0004890023361157673,1.028390675373582,0.10822966760185349
2025-05-01,0.00866667683536502,1.0373034050175476,0.24805773822098418
2025-05-02,0.0088457190613472,1.0464790995197115,0.049669203259323245
2025-05-05,-0.004664999966537008,1.0415972745554705,0.2360392713458207
2025-05-06,-0.008178852508345866,1.0330782040737863,0.10854997770854775
2025-05-07,0.0040705728104627765,1.0372834241223707,0.2611822958666965
2025-05-08,0.0011030297632940748,1.0384275786121493,0.8159516346043616
2025-05-09,0.003302302768475206,1.041856780879861,0.28587140095037045
2025-05-12,0.0037230762288977814,1.0457356930946708,0.24225245300462042
2025-05-13,0.004205113930606047,1.0501331308254354,0.46464164509635464
2025-05-14,0.0035405280545212203,1.053851156636105,0.07008518031317171
2025-05-15,0.0024811723560606573,1.0564659429933532,0.02540880571176018
2025-05-16,0.005088602210005072,1.0618418779256644,0.06117354215473153
2025-05-19,0.0009724590754301976,1.062874475696525,0.04322048214252743
2025-05-20,-0.0031823303925436574,1.059492057949057,0.09365012278705878
2025-05-21,-0.013549555599711476,1.0451364114024235,0.9192423507505577
2025-05-22,-0.007627201888001121,1.0371649449921563,0.0677893285731598
2025-05-23,0.019333219991131925,1.0572166830407799,0.06105204319561976
2025-05-27,-0.015184860848846616,1.0411629948217265,0.1829786382376918
2025-05-28,-0.002597495848619711,1.0384585782649407,0.06478810004336086
2025-05-29,0.005953567806090693,1.0446411118244576,0.15933601473998524
2025-05-30,-0.0052021906094652645,1.0392066896422631,0.1087760188122297
2025-06-02,0.01823503776881573,1.0581566628774957,0.15020712335715064
2025-06-03,-0.006012230276379163,1.0517947813517912,0.027638048957009484
2025-06-04,0.006369414681006401,1.0584940984735394,0.4159287862559502
2025-06-05,-0.004920902470345229,1.0532853522495151,0.5297079226258422
2025-06-06,-0.007147356511570149,1.045757146328573,0.35056840825304453
2025-06-09,0.0017723103589958207,1.047610552552005,0.45770043693095314
2025-06-10,0.006081145430974741,1.0539812246770977,0.05521601390819337
2025-06-11,-0.002671771094738547,1.0511652281066082,0.14938961373644755
2025-06-12,0.0031989710488082336,1.0545278752388352,0.16147236302032503
2025-06-13,-0.009124554318549132,1.0449057783607942,0.3725734855947992
2025-06-16,0.00022573732847222058,1.0451416525997066,0.08188899469947944
2025-06-17,-0.004118001631490959,1.0408377575691619,0.5059042428814304
2025-06-18,-0.0036707859532561574,1.0370170649490582,0.3846664979737485
2025-06-20,-0.0008128869739201527,1.0361740872852283,0.23283303474325082
2025-06-23,0.007181130660801267,1.04361498879336,0.44286837965669745
2025-06-24,0.01125086042634875,1.0553565553711195,0.059940807733271845
2025-06-25,-0.00030764958302301713,1.055031875366919,0.0488101114404066
2025-06-26,0.00788469072521726,1.0633504754094332,0.022742299825509127
2025-06-27,0.0035626154011342537,1.0671387841899302,0.024298879045960557
2025-06-30,0.005701097035376116,1.0732226459488103,0.03386171941991926
2025-07-01,-0.00398848106892072,1.0689421177427065,0.03348318700348756
2025-07-02,0.005042344296147785,1.0743320919330186,0.053569377092954694
2025-07-03,0.0069761576060879266,1.0818268019276214,0.025080405232643502
2025-07-07,-0.007257131736644254,1.0739758423098,0.09008216378147327
2025-07-08,-8.924424657894983e-05,1.073879996144909,0.013108955555358126
2025-07-09,0.006264349672434313,1.0806071559469932,0.04620725967537795
2025-07-10,0.0006584426297087133,1.081318673764437,0.034065929636555664
2025-07-11,-0.0027702036848988583,1.0783232007898247,0.1336591834161047
2025-07-14,0.002658958039906346,1.0811904169341824,0.05685472554817235
2025-07-15,-0.002887993346385763,1.0780679462039005,0.21600028861590845
2025-07-16,0.002291406755053693,1.080538238378239,0.2502401335544224
2025-07-17,0.006337138246505856,1.0873857585754778,0.16921032342927703
2025-07-18,-0.0001569518618058582,1.0872150913561682,0.22363758247829477
2025-07-21,0.006074939759505811,1.0938198575417826,0.30274869954099637
2025-07-22,0.00043710895839771196,1.0942979760003873,0.3037608273843473
2025-07-23,-0.0033714867842840083,1.0906085648362331,0.2903558023874358
2025-07-24,-0.0017167851450842356,1.0887362242530207,0.12792096585627338
2025-07-25,0.0007235462854118473,1.0895239753038723,0.19503307505017048
2025-07-28,-0.002879898721155335,1.0863862566007267,0.11518355626277413
2025-07-29,0.0018060317461095312,1.0883483046686846,0.30628222658573345
2025-07-30,-0.001450458210479026,1.086769700934317,0.4113011429541618
2025-07-31,-0.0021830798234411305,1.08439719592748,0.48320071180674884
2025-08-01,0.012178397380974836,1.0976034158982997,0.6567231950398564
2025-08-04,0.007193854155297719,1.1054994147926285,0.5133746877576422
2025-08-05,0.0011950220471597984,1.1068205109664278,0.266930587871988
2025-08-06,-0.0026219210863599116,1.1039185149299091,0.1483159877556014
2025-08-07,0.002622360451803145,1.1068133871854746,0.17458454509906396
2025-08-08,-0.0011806858208739408,1.1055065883128712,0.24516139079793534
2025-08-11,-0.006715964674318488,1.0980820451185356,0.2943747409168771
2025-08-12,0.00669065977789589,1.10542893849064,0.24236308649051735
2025-08-13,0.0020682940374535104,1.1077152905729486,0.16822291987724353
2025-08-14,-0.0007172248556401096,1.1069208096335772,0.05732917482445301
2025-08-15,-0.002570610627798119,1.1040753472362024,0.08706214351290793
2025-08-18,-0.0010235464720468482,1.1029452748096649,0.09013519538018677
2025-08-19,-0.006695614059501556,1.0955603789207884,0.4032521597629819
2025-08-20,-0.0018145761916916598,1.093572401140638,0.750100473742953
2025-08-21,-0.0031045424312203273,1.0901773592196853,0.2393482921467736
2025-08-22,0.016429455515582735,1.1080883796470806,0.23494322997438363
2025-08-25,-0.0047923841142751295,1.102777994499247,0.21596189345166616
2025-08-26,-0.0013955561281983344,1.1012390059109813,0.29671402567721183
2025-08-27,0.0036052971129223446,1.1052092997196297,0.2893738867924516
2025-08-28,0.003557680595905492,1.1091412813996564,0.19441419624486433
2025-08-29,0.003838241531548815,1.1133984335302798,0.10207960824920928
2025-09-02,0.010785963894415055,1.1254075088344355,0.21937000142236354
2025-09-03,0.0067835197815978255,1.1330417329329725,0.1864524311616645
2025-09-04,-0.0039626359249960086,1.1285519010575327,0.20344078281712685
2025-09-05,0.010552181401317882,1.1404605854382939,0.12677049925213715
2025-09-08,0.009304626779771659,1.151072145542837,0.14691297128891484
2025-09-09,-0.0006541122049181603,1.150319215203696,0.14911395144450867
2025-09-10,0.002458235344478719,1.1531469705559427,0.07296988258922803
2025-09-11,0.003545641713998502,1.157235616557117,0.15765542843823932
2025-09-12,0.0011049780055555245,1.1585143364606578,0.07903060436982748
2025-09-15,0.006374505351198944,1.165899292297867,0.07477289445422483
2025-09-16,-0.00038061405177270915,1.1654555346442665,0.11114715938402425
2025-09-17,-0.0023351406253401276,1.1627340320782913,0.12722530118554728
2025-09-18,0.004698128598169345,1.168196706086463,0.1145340247383898
2025-09-19,0.0034466437370039653,1.1722230639470848,0.2813927790934479
2025-09-22,0.005348747232114259,1.1784929888157922,0.0397525591318372
2025-09-23,-0.005773375691515754,1.1716891060415415,0.153483898811076
2025-09-24,-0.0037484561935958827,1.1672970807550314,0.25426725326553956
2025-09-25,-0.002887271465170609,1.1639267772023905,0.8569314708892429
2025-09-26,0.005772270440536298,1.1706452773333844,0.28598539023239744
2025-09-29,0.01233211381996041,1.1850818081362589,0.28598539023239744
2025-09-30,0.008540004081594388,1.1952024116147657,0.06774544867019613
2025-10-01,0.0015988848201721512,1.1971134026077297,0.026488453369024206
2025-10-02,-0.0034348145592791065,1.1930015400633445,0.11699018109918681
2025-10-03,0.006442001941377828,1.2006868583004993,0.26101252997873436
2025-10-06,0.008781127818507024,1.2112302430732376,0.15399175199834947
2025-10-07,0.0016940882571720964,1.2132821740047597,0.4938853473676563
2025-10-08,0.016276743079146606,1.2330304562335437,0.22342404384228276
2025-10-09,-0.014413623994714419,1.2152580188633622,0.09004416796385821
2025-10-10,0.0008136095471496003,1.2162467643897594,0.236413210271136
2025-10-13,0.024301043940617273,1.2458028304538284,0.38222802829915925
2025-10-14,0.005434754876534595,1.252573463461838,0.22391185090500587
2025-10-15,0.014304021411612152,1.2704903011028132,0.1847764438361626
2025-10-16,0.016302177237702067,1.2912020591701727,0.3430926212303159
2025-10-17,-0.018817055726966014,1.2669054380679943,0.3793461712130228
2025-10-20,0.023945999705478102,1.2972427553148391,0.10700085426420948
2025-10-21,-0.04560917756322201,1.2380765801450813,0.4828686065045772
2025-10-22,-0.0024439304608913845,1.2350508070779485,0.3518653630264665
2025-10-23,0.0022731178735800896,1.237858223142297,0.13245431523879658
2025-10-24,0.005725205494556214,1.2449452158429128,0.20919734172502455
2025-10-27,0.011297002070528708,1.259009364523985,0.08071113985667866
2025-10-28,0.0027779188048153757,1.2625067903131348,0.15243517594394662
2025-10-29,0.002040431776857173,1.2650828492865878,0.05981902890391691
2025-10-30,-0.01256147443130985,1.2491915434217857,0.07210938821175032
2025-10-31,0.004152132867435192,1.2543783526869494,0.04049915840162955
2025-11-03,0.0036847704689849654,1.2590004489978641,0.08382522107657776
2025-11-04,-0.017900862155011278,1.236463255507256,0.75
2025-11-05,0.001042780769055826,1.2377526156117433,0.625
2025-11-06,0.002955224616917531,1.2414104526110532,1.0
2025-11-07,0.006119021470095465,1.2490066698237812,0.09343546782359104
