,GLD,HYG,IEF,QQQ,SPY
2023-10-16,-0.10565968646450676,-0.1700625447370478,-0.08850182448455507,-0.28032753094746365,-0.35544841336642685
2023-10-17,-0.2712144629447775,-0.16773750288283115,-0.05066733991414506,-0.15703763231416198,-0.35334306194408427
2023-10-18,-0.5485813212169064,-0.15568448656556616,-0.11309147101439496,0.10248136343878639,-0.08016135776434623
2023-10-19,-0.5159821469488876,-0.180017002728348,-0.10775739141267614,0.09001906728984876,-0.10622439162023961
2023-10-20,-0.2612866147293914,-0.1992291862381139,-0.21513264497000195,0.2589492623762509,0.06540229168624184
2023-10-23,-0.25607855110714955,-0.33866510269687716,-0.29951928350911394,0.01532724847583513,-0.09040981421102412
2023-10-24,-0.23394805669507396,-0.2740497942854361,-0.19354296439511315,-0.09628938286204372,-0.202169801762333
2023-10-25,-0.2730996789911597,-0.12414229204241016,-0.04267575458782114,0.42390217132615066,0.13618010305245834
2023-10-26,-0.15124880189114007,-0.16385805640333706,-0.17573986261757746,0.3612646891756854,0.14788858991225987
2023-10-27,-0.36203090598269755,-0.1721504830422957,-0.1729161193896022,0.17006532337428787,0.12283716821111648
2023-10-30,-0.1747727014549574,-0.34118792530864805,-0.20825376236149956,0.023783639272261844,-0.25200197160263316
2023-10-31,-0.1312984181472775,-0.372292183605915,-0.2234982078624137,0.09297762340141802,-0.17993356698297588
2023-11-01,-0.05856149129024334,-0.3120329780201099,-0.30201905661957545,-0.1289038512536714,-0.19848262281639983
2023-11-02,-0.10998373115489825,-0.2497551028685718,-0.1829642411662592,-0.17193464919576254,-0.2853622756145082
2023-11-03,-0.10136053697858789,-0.25108641042903473,-0.21085805239689193,-0.1751212151079345,-0.26157378508755086
2023-11-06,0.05858834381535245,-0.1866137232764905,-0.12436279123497383,-0.2398478554825674,-0.39058728619061583
2023-11-07,0.05706449988671246,-0.16040454898249235,-0.20955653347862602,-0.26898841296019893,-0.3039860046919703
2023-11-08,0.14958791953609074,-0.1699119247333396,-0.19346079090499294,-0.18930086568665033,-0.2977384991389264
2023-11-09,-0.09536179970631802,-0.21498265741438127,-0.08206853222794698,-0.21456944389497523,-0.3930175667563786
2023-11-10,0.09553041002867325,-0.1557964522679868,-0.11164344398523514,-0.31921621791422916,-0.31781347580387564
2023-11-13,-0.036272074559418575,-0.19728238274692433,-0.17374090432887146,-0.2273050880063906,-0.36539955035839505
2023-11-14,-0.03161757355958006,-0.1609752869969891,-0.18351898868670033,-0.2963385702526309,-0.3275495805040995
2023-11-15,0.04562398895243757,-0.15622837224059405,-0.06282795546750876,-0.3116096138182107,-0.42371006952124896
2023-11-16,-0.09743662645277518,-0.1503668291992241,-0.20292212300820472,-0.22616941873049276,-0.32310500260930325
2023-11-17,-0.0019445872198817456,-0.21293092830414168,-0.16234999016710958,-0.25393635453126523,-0.3688381397776018
2023-11-20,0.01970863236089446,-0.1551606316491061,-0.13482772326526352,-0.32830268058453443,-0.36200033214020144
2023-11-21,-0.18085722781181982,-0.21525648934380406,-0.18113931494811894,-0.12146979646273035,-0.3012771714335267
2023-11-22,0.03162086802612498,-0.2199079655574716,-0.15725959393259265,-0.239393781556924,-0.35181779092688686
2023-11-24,-0.16019309460412431,-0.23807979089592968,-0.1137265041087126,-0.14556681005866923,-0.3424338003325641
2023-11-27,-0.17356673880116757,-0.27472590123651436,-0.35847758063520596,0.0005726623240009469,-0.192657117003111
2023-11-28,-0.29095293375833636,-0.2788050399156853,-0.23565103464398185,-0.03726336573712986,-0.1573276259448666
2023-11-29,-0.13286228751225537,-0.3682002696458856,-0.31051869018884987,0.10864645467257121,-0.07977229798043792
2023-11-30,-0.047796441508600615,-0.326859931694533,-0.1572932030693029,0.26499688114817366,-0.20305354257938985
2023-12-01,-0.29617803349390504,-0.2687440919330024,-0.2449570519626704,0.10565843590222548,-0.08446238670819654
2023-12-04,0.2997099581636063,-0.15628155399831664,-0.08154271126065687,0.35833038913133564,0.10413538744608465
2023-12-05,0.10633561140002498,-0.19579612467643326,-0.2522813915087885,0.31138622707083485,0.13420064534391848
2023-12-06,-0.02924035673603325,-0.16194270290607654,-0.17791967977765377,0.42222302281916474,0.2086742377610717
2023-12-07,-0.06786304076758996,-0.4988958116576753,-0.28339663781439517,0.14565979752241243,-0.0041847122379271955
2023-12-08,0.3305191065595838,-0.24627822634924615,-0.07020380957944758,0.2822683544638561,0.07073050304786653
2023-12-11,0.35351602623943,-0.21235019363939278,-0.15195033254095053,0.1740839309926755,0.10809951658755114
2023-12-12,0.1813271828154116,-0.326283523128166,-0.22951113777730572,0.1656479213691444,0.09723023490997224
2023-12-13,-0.21551304219830628,-0.35689270492079733,-0.30365439995625687,-0.01756339817653608,-0.10637645474810332
2023-12-14,0.03515312521977852,-0.3082602242661792,-0.3192281350854991,0.2765921669580647,0.06076634847047838
2023-12-15,0.3967534619980808,-0.20456960718950898,-0.15630487480628694,0.09366152249550871,0.14871053351061453
2023-12-18,-0.002167282359041799,-0.553267059360741,-0.2774709660907163,-0.01866799370588617,-0.1484266984836147
2023-12-19,-0.07685733549624486,-0.46239489645452225,-0.3192852501854788,0.016407269180906535,-0.12505524868284756
2023-12-20,0.15213805494713672,-0.1136806378453971,-0.13064579138473717,0.32713469921980426,0.27640081660292476
2023-12-21,-0.13885625313897135,-0.4360490287353474,-0.19653652945546504,-0.10722129281071853,-0.12133689585949765
2023-12-22,-0.04143649013582259,-0.298664861176053,-0.1857795505485879,0.28804221233139027,0.1860768858081462
2023-12-26,-0.18621094940789873,-0.37800106128105987,-0.22472052203420353,0.11427143570020788,0.09679603157662994
2023-12-27,-0.05841465465585041,-0.2791062671376765,-0.2731595500063255,0.21703393370564103,0.17228559449450656
2023-12-28,0.16216536599922948,-0.21388069166111276,-0.0809447079333777,0.3152854756450416,0.22772375876123857
2023-12-29,0.059196426680988595,-0.1355175224175428,-0.0726420570433472,0.41240706302193114,0.32023693083619015
2024-01-02,0.042213587732986814,-0.10175305038273375,-0.03257019860577529,0.5391681055985826,0.2842950576799215
2024-01-03,0.13658749662670797,-0.0558927179783016,-0.06952133701847535,0.42307313411302216,0.314925314263493
2024-01-04,-0.001602153551096735,-0.09876889612545235,-0.0041691143422050055,0.5281692325236667,0.36729060345757936
2024-01-05,0.0032400762068693053,-0.1841673579754126,-0.048936263911358184,0.4528674606506313,0.3107888412557287
2024-01-08,0.20158816596932752,-0.31160654866135123,-0.1835840467724634,0.1730482461196737,0.13017299247718422
2024-01-09,0.035391757547964996,-0.17628306715923833,-0.08388758431107031,0.38076403632484485,0.3236735546568816
2024-01-10,0.06164540806836642,-0.2558653168259324,-0.09922779475939487,0.3404534636641291,0.24280801668217716
2024-01-11,0.015634292221785858,-0.19070139505050243,-0.15646194992312268,0.3349514354641699,0.30225092734041903
2024-01-12,-0.12487611796033976,-0.16494814844515499,-0.1288925304101834,0.3210245881602065,0.2602586150241154
2024-01-16,0.1835618824952554,-0.08355066376036703,0.02587857449587641,0.3441831874950265,0.36282569175347473
2024-01-17,0.19296068364852054,-0.07528296487733566,-0.03390966601720687,0.3612446938156877,0.33660199164124915
2024-01-18,-0.24642210938258588,-0.41881748596084817,-0.1661440955340704,0.012295444753666028,0.1563208643688295
2024-01-19,-0.07865368099705043,-0.3985875611051872,-0.21833076178496297,-0.27889893431914875,-0.025529061793650595
2024-01-22,0.13988495774131615,-0.2502233937814264,-0.20949556865456256,0.19625120208383268,0.20414487773886222
2024-01-23,-0.18547460504917893,-0.4490318074066374,-0.2155403314030651,-0.012028165010381685,0.13792509113073698
2024-01-24,0.2532658192081633,-0.34906907489282507,-0.15740657605612884,-0.166063820468517,0.07419470937436572
2024-01-25,-0.12035685637021636,-0.4388773723127518,-0.28509276492785257,-0.05470707509148444,-0.10096593129769486
2024-01-26,-0.015848431450927944,-0.4077069066304305,-0.23694814462416894,0.25678170989835264,0.08271480739611987
2024-01-29,-0.1548794431034291,-0.2563305434962434,-0.26744622241881977,-0.17470100221077212,-0.14664278877073567
2024-01-30,-0.09200641152178311,-0.29315630813615806,-0.285385584553567,0.30477294725186055,0.024678748536631268
2024-01-31,0.025482378957077344,-0.06270634865261618,-0.17316300307704294,0.4235248869931807,0.3151233823200829
2024-02-01,-0.2436642464169004,-0.3047101114288815,-0.2702228638314797,-0.024581207193686873,-0.15682157112905148
2024-02-02,0.061542403844337665,-0.30602709493447167,0.01908423110208152,-0.2960827657313056,-0.31726350438780354
2024-02-05,0.003995546299415617,-0.39515096006786316,-0.019714462479960282,0.38408006823218904,0.19705896292057193
2024-02-06,-0.16878613458168182,-0.3001333806036751,-0.2598391693167369,0.26134671551568023,0.009894599982225834
2024-02-07,-0.12761587314592518,-0.390513849429721,-0.20404590768453051,-0.06164952130317802,-0.21617484843664536
2024-02-08,-0.14764293482064492,-0.4374132572363559,-0.20381487884973887,0.17333424489456264,-0.03779468419869774
2024-02-09,-0.03922977896202814,-0.4240663413303232,-0.20715711167694772,-0.12559118447378564,-0.20395558355691532
2024-02-12,0.0021090541950838874,-0.3078945302182185,-0.2808177728582555,0.38306848376133146,0.02611015896711076
2024-02-13,0.17803660595800985,-0.08878217943679104,0.02793765588920615,0.4293594185819907,0.2758841401340022
2024-02-14,-0.02892319297233731,-0.4646798908528743,-0.3483237629160845,0.04945641782202895,-0.10861673543667484
2024-02-15,-0.18067475411640838,-0.33450919427194187,-0.23976591606940365,0.2039599677534561,-0.04109016778879008
2024-02-16,-0.11730952659360104,-0.1762257843479948,-0.0825969929223609,0.42719700370020974,0.19667069243583363
2024-02-20,-0.12952545371781124,-0.1953129284743692,-0.1403113196867332,0.3430196077469114,0.19183069037417494
2024-02-21,-0.08850360338843913,-0.2008053165206542,-0.10837726080625242,0.4391978321569346,0.16311598712771966
2024-02-22,-0.11310441581104834,-0.30125619646870383,-0.17065588287438563,-0.19397445645434688,-0.2210090483915154
2024-02-23,-0.15779467459894636,-0.18909823466188952,-0.19856073721774492,0.3375811361227544,0.11696521739866474
2024-02-26,-0.07256482378666253,-0.18467326984528235,-0.15642122248696771,0.35506637699662796,0.2312743068844593
2024-02-27,-0.15027054733801157,-0.3436160754172157,-0.19817573689917956,0.23656647431984676,0.07137116602574636
2024-02-28,-0.11237406840054243,-0.18112946376687347,-0.19701223297537865,0.3504245013479793,0.159059733509226
2024-02-29,-0.2542928493474926,-0.2986946860067918,-0.25456504225719384,0.11575154618720455,0.07669587620131722
2024-03-01,-0.4183241085566967,-0.2512506836085217,-0.23173298755804134,-0.051244585159492796,-0.04744763511724742
2024-03-04,-0.3960954767681955,-0.19813468456241326,-0.14575562926769234,0.17966856836752684,0.08034564103417215
2024-03-05,-0.16622275228018168,-0.10423533459617541,-0.16012395746809108,0.35484708439759133,0.21457087125796048
2024-03-06,-0.339391652220065,-0.2474740767765314,-0.22805708689034487,0.12657728783110614,0.058499896281952395
2024-03-07,-0.3827894367231836,-0.27355775286751527,-0.2654852540155709,-0.03968534561794526,-0.038482210775784904
2024-03-08,-0.2529560007313251,-0.14496493640212021,-0.1408946503925105,0.30780426377997167,0.15338014869407254
2024-03-11,-0.24609129821136283,-0.19152551363799827,-0.1637808212698916,0.2664017994382742,0.13220056744247313
2024-03-12,-0.13878593989002114,-0.43894612036660874,-0.27654647719718284,-0.027119132247590116,-0.11860233029859707
2024-03-13,-0.26378269501384016,-0.203236822105545,-0.1504374098398438,0.2794206571779065,0.10312241586286434
2024-03-14,-0.15828276521280565,-0.20508215716782227,-0.11550614719632338,0.34369301478391623,0.1774359156391325
2024-03-15,-0.08256201437843853,-0.17759920302307514,-0.1344611485571438,0.3903147779337887,0.21506285610755382
2024-03-18,-0.19670290822548234,-0.33472565217537215,-0.2210650998508362,0.17158276080099677,0.07592357894731246
2024-03-19,-0.09118100082722656,-0.31527315189904753,-0.25148618534109546,0.27093105764898684,0.07112860428364358
2024-03-20,-0.31151126552412906,-0.325352846798978,-0.2570568361795396,0.08290075049650972,-0.023178301000843667
2024-03-21,-0.08066693115444842,-0.3406651151432128,-0.2845630232721972,0.22235954821603388,0.07174538221410766
2024-03-22,0.13429214710709306,-0.20361734411023089,-0.25887447218380166,0.22893509852694818,0.1742809380719262
2024-03-25,-0.10010754697294935,-0.26016012145982603,-0.190749602315299,0.2799994372245358,0.16898329202738985
2024-03-26,-0.05640025943577204,-0.22492672690671692,-0.22974467525840686,0.294620360880748,0.19430797751835618
2024-03-27,-0.15226372098975402,-0.3709360913128047,-0.30427145607963196,0.14535436871960314,-0.027174362898206173
2024-03-28,-0.22794251997709067,-0.20557628048540602,-0.1908063137646232,0.23932965639800985,0.13634522937487026
2024-04-01,-0.3175129463651935,-0.27191697860601055,-0.10449525752547234,0.14551725342012933,0.16055756408319405
2024-04-02,-0.2386704933085098,-0.16613370273957453,-0.12596755268538812,0.2653434699824884,0.2038847812840392
2024-04-03,-0.2204840993699493,-0.2437055456564369,-0.20801088340154597,0.1672174236326954,0.16058204793937245
2024-04-04,0.028801486796228397,-0.13418200499220653,-0.15226459570039,0.3644752693802156,0.3202766431309595
2024-04-05,-0.4913031685316452,-0.31541063318959983,-0.1414139515976823,0.014912512157412275,0.03695973452366053
2024-04-08,-0.20720584240286447,-0.2776122570651795,-0.16244105507799977,0.17683054513047175,0.1759103003234844
2024-04-09,-0.16827453523561536,-0.24760800060157767,-0.22929778373225307,0.1503558616062079,0.20446381882434594
2024-04-10,0.06381255634976638,-0.12036483739679635,0.02499104616796007,0.3628418350571259,0.42798972502835125
2024-04-11,-0.40573209959290635,-0.22727104082378227,-0.15621979795923283,-0.09698792049773487,0.1137891411263436
2024-04-12,0.134076282085022,-0.11548202889179263,-0.12566752355194938,0.2988150361342241,0.3259591293370119
2024-04-15,-0.20327484157826892,-0.08182646766891656,-0.03916937884710829,0.3328666110935658,0.3428627008121405
2024-04-16,-0.02850823832133879,-0.17314528778552823,-0.10311778879833602,0.2853606281742372,0.40986805692055966
2024-04-17,0.10694829259636807,-0.12104250069690341,-0.13586089104308977,0.3295826326525542,0.30656568301108444
2024-04-18,-0.02315381041711041,-0.20756794807844914,-0.10654329578071729,0.3406015827566458,0.32213336296707734
2024-04-19,0.00808993484295447,-0.1435809791229715,-0.10753594661342124,0.4328211299759525,0.30797200944470027
2024-04-22,0.35481326338259267,-0.2346018104719796,-0.1387062656678522,0.15104152614784763,0.1208371343297279
2024-04-23,0.24837905769499885,-0.3383326600766403,-0.23068301371801475,0.10619089323940423,0.07641437527094197
2024-04-24,0.2601863950118617,-0.1969641642849216,-0.13153622787702537,0.2109125969187477,0.20040061590744362
2024-04-25,0.154409842870531,-0.21477514415418547,-0.13058821555380243,0.2943380503516717,0.20588874706980947
2024-04-26,0.22138199290409077,-0.30982651588179816,-0.24847217151498455,-0.12795690245355132,-0.09236241724557509
2024-04-29,0.33111292768111056,-0.3102885968076721,-0.274384060119231,-0.018121386955306382,-0.06609302843667979
2024-04-30,0.43024545171744355,-0.0691961173333366,-0.07402065802667811,0.2439724884690617,0.18256528445347997
2024-05-01,0.15618122784313174,-0.3370776201493515,-0.28758789732962314,0.1685650264070205,0.05058822827087327
2024-05-02,0.25456592776620385,-0.2542339725592291,-0.2206651198701303,-0.13585230008070232,-0.1346826797237344
2024-05-03,0.2038364309790654,-0.1913239676451314,-0.19240797790050415,-0.2314558724183799,-0.18097575105691915
2024-05-06,0.08217646371197111,-0.2085863191006402,-0.19077410341768622,-0.24889831585163683,-0.26956479791806554
2024-05-07,0.2750743639384671,-0.1849665997664699,-0.20419994268786673,-0.14739645344173194,-0.18836264016546414
2024-05-08,0.2452316437891046,-0.17918275631432495,-0.16196115166193048,-0.18503875558388375,-0.22858569265075632
2024-05-09,-0.026169449373708985,-0.19809632320008158,-0.22718311610520245,-0.22776687983881908,-0.3207842314821878
2024-05-10,0.019183328321529185,-0.207266576733214,-0.17491851642753967,-0.27974120997273455,-0.31889036854498254
2024-05-13,0.2366427573692082,-0.1632066109012909,-0.1727853818920926,-0.20492415448465473,-0.2224410953527535
2024-05-14,-0.00011171866721770389,-0.20286714062607544,-0.21290101071850442,-0.28294998438996827,-0.30117014559823413
2024-05-15,-0.05439773962558732,-0.17670736420205568,-0.18725968783306554,-0.29214192503185554,-0.28949328330743584
2024-05-16,0.12517135313534772,-0.18153685302704037,-0.18241210916239256,-0.2372747341505505,-0.2736049505246688
2024-05-17,-0.1715092470179813,-0.19103077073559815,-0.14614374923820778,-0.22007038749435615,-0.27124584551385666
2024-05-20,-0.04962600519188908,-0.2059579315756209,-0.17027583186441045,-0.31102531787840215,-0.26311491348967764
2024-05-21,0.04573083480549475,-0.19567508507496847,-0.23143408372977983,-0.24465410624462833,-0.2825058901451286
2024-05-22,0.30876997039881177,-0.17393576196307894,-0.17304098104495108,-0.18033852375300874,-0.16391476284014952
2024-05-23,0.4833475912867882,-0.19584512350515,-0.17740889552886743,-0.09231930362246434,-0.05107908605673017
2024-05-24,0.09445967750845272,-0.2487996079164138,-0.2048018599157448,-0.24593494413255124,-0.2060039105268375
2024-05-28,-0.05791703743312749,-0.26732538525196464,-0.1942251890480157,-0.28994610968315526,-0.19058627858373678
2024-05-29,0.409881506110981,-0.2652256803985481,-0.18371417555135985,0.05766293356236444,0.08351570437674671
2024-05-30,0.12828014107594238,-0.27418310739302304,-0.26199340764620377,0.1967046029465624,0.13883874093826845
2024-05-31,0.26158091975622305,-0.2675672349624082,-0.25664434302204026,0.13005875740821154,-0.08414874485111698
2024-06-03,0.054165502146284426,-0.36419574526274656,-0.3998595661387483,0.08475476836430186,0.09702441808791895
2024-06-04,0.3490187592284248,-0.18573327506648743,-0.25431258978768223,0.12898462635109853,0.08195074956630699
2024-06-05,-0.03886882048570962,-0.29581562945263223,-0.27607624274231896,-0.22612772903952466,-0.1631115782798146
2024-06-06,0.021662053955136814,-0.37926555726003014,-0.37622826768799145,0.18219804494907518,0.040646076147766386
2024-06-07,0.6610950244539776,-0.2146114917217744,-0.06729992239901912,0.04080166379921357,-0.016191897626015153
2024-06-10,0.06745654473919303,-0.48762431434492504,-0.3246999693159501,-0.007876907043077001,-0.11234226455685487
2024-06-11,0.25337261980574033,-0.33182387923408707,-0.3629350292711134,-0.03222401828650955,-0.019644453402549573
2024-06-12,0.14359691110512832,-0.28142567699323884,-0.26364407686054064,-0.16836349524577315,-0.142969839795319
2024-06-13,0.39642437701445543,-0.2167354064017902,-0.2908952354287172,-0.05620428594843857,-0.03974069520659861
2024-06-14,-0.041889832121776396,-0.301313002512999,-0.44719764876784684,-0.1616493050441103,-0.047950211553267494
2024-06-17,0.16247407636493083,-0.2459558538068154,-0.1346311713966859,-0.2531646402335132,-0.20377425819805461
2024-06-18,0.06596840781754017,-0.3698128052946609,-0.3443593551296773,-0.07080630848153073,-0.1490531232765909
2024-06-20,-0.2100575799194015,-0.347421285152327,-0.23974478582857603,0.1598243944731708,-0.042951954626524666
2024-06-21,0.3640407476750631,-0.2913636721274524,-0.22300776807571882,0.1030054399486133,-0.018582372173152315
2024-06-24,0.016203813802248248,-0.2460417964396699,-0.22466212804986088,0.4215140323620468,0.09157822934617406
2024-06-25,0.22466783007956975,-0.40619738902379676,-0.31434319698307134,0.010710828334587676,-0.044080755578974576
2024-06-26,0.2861377513450754,-0.31504279710801913,-0.14952608817038973,0.23047507320256372,0.018818290173952045
2024-06-27,-0.13396450075279082,-0.30018356172082394,-0.25037574989660877,0.24886585180164106,0.06661033582813536
2024-06-28,0.042288971813372045,-0.24511984825809888,-0.11578902476976055,0.41123701714109656,0.18556513801767197
2024-07-01,-0.0709853204420496,-0.4536453626123765,-0.1322049382998132,0.2635903901084376,0.07957398853732298
2024-07-02,0.05629879902272846,-0.4066878920432971,-0.315665122158934,0.19054476525166864,0.030803421523371885
2024-07-03,-0.17095544906957275,-0.3081317430403043,-0.2776865463944375,0.17426670268681793,0.06895955880886757
2024-07-05,-0.2715879832649061,-0.33246987211190104,-0.2906083202621154,0.09093070751587133,0.014403116845206086
2024-07-08,0.2287666065579778,-0.2860832248898653,-0.21490498690868018,0.20111716279414182,0.06912801884933495
2024-07-09,-0.08772098418375142,-0.3322640074732159,-0.232157639494411,0.2681925453363445,0.07966482351227737
2024-07-10,-0.1404646853939194,-0.3965631889203062,-0.28001762543693065,-0.004828408269017769,-0.17812609197982596
2024-07-11,-0.18483579691383265,-0.16642048116696412,-0.15593854309706937,0.368184014314335,0.12462116450779884
2024-07-12,-0.06595053146913647,-0.3561783679567772,-0.2745564681663654,0.2487580318883609,-0.054556600519360024
2024-07-15,-0.1635387225997838,-0.3259997986138512,-0.19282278067426792,0.30351175969327815,-0.014126938418818843
2024-07-16,-0.2901491227155532,-0.2298506822209719,-0.1939222303493929,0.2465155527085123,-0.039562412005569744
2024-07-17,0.005089837763799561,-0.12860425507813736,-0.1149448792938056,0.5562237020092328,0.1951373258550247
2024-07-18,0.01811737804343354,-0.17110238672483333,-0.11779393949335278,0.4751512734526746,0.21783502228570575
2024-07-19,0.1478777657488012,-0.14471570016840746,-0.08827085457234975,0.4313717679561752,0.18776391155426636
2024-07-22,-0.01650060423225997,-0.35025631506945953,-0.20864126460954963,0.3690727043561238,0.05552911173260706
2024-07-23,-0.008248881522667287,-0.17501182142401034,-0.13791039828891094,0.47835674567021946,0.20047215309419206
2024-07-24,0.050194668437508784,-0.07365823749727383,-0.05583711636212839,0.5290533584433642,0.2912566192597248
2024-07-25,0.16052236128305708,-0.0974352045275682,-0.08682340515405668,0.43159082556638717,0.22362820346893086
2024-07-26,-0.024649894423057896,-0.19421396799587967,-0.17006633320481424,0.4453643651053077,0.16570543927094053
2024-07-29,0.0961025124292045,-0.12572442732039174,-0.11590833168859282,0.43452564244590586,0.22773908611590513
2024-07-30,-0.013441160615431273,-0.12754764189820053,-0.11181197406584106,0.5070473896511023,0.2401518337694249
2024-07-31,-0.16104530457639266,-0.2806052537456969,-0.2858753344061414,0.20185904768992408,0.07061505958184493
2024-08-01,0.07997185126753784,-0.07931190483114252,-0.10424541394149152,0.478661851497396,0.2578089784624321
2024-08-02,0.08602211788838152,-0.029858935332969554,-0.12704710794931945,0.4526020500363114,0.30446978879301817
2024-08-05,0.11827116295713017,-0.03147668975015789,-0.060134646523099466,0.4375257061183364,0.35259179465127605
2024-08-06,0.11553255980005565,-0.24859297779552825,-0.08681629968503443,0.33876415610400584,0.2102940066153758
2024-08-07,0.05742157398850235,-0.14669588152386837,-0.07977030121484337,0.4153488280551488,0.3007634152176371
2024-08-08,-0.20944130506808137,-0.4370308993340881,-0.2199587892422869,0.07737736426476992,0.056191642090773625
2024-08-09,0.08268678928812431,-0.17496547251296438,-0.17702210443022273,0.3184079460465396,0.2469176877221489
2024-08-12,-0.1537162377789969,-0.20903744836923324,-0.17927645360686487,0.24497205920576995,0.21299780103913504
2024-08-13,0.07673704382946249,-0.29849442693793266,-0.22971042860537652,-0.24781932886421773,-0.1472387717630105
2024-08-14,0.25270065650230056,-0.3786600329677306,-0.26995089063302635,-0.016916115018439433,-0.08177230487850315
2024-08-15,-0.024515982831627637,-0.20405011956274316,-0.072521672390118,-0.39990497206053677,-0.2990072531549745
2024-08-16,-0.22952341019772934,-0.22135977106040206,-0.14386414529305666,-0.21224015840877902,-0.1930125150400329
2024-08-19,0.029889113868387985,-0.17972921288554472,-0.11664062184558222,-0.37403368096687317,-0.29970737043361184
2024-08-20,-0.022249682785141882,-0.19240661593508543,-0.1769446818303002,-0.33202090595617656,-0.2763781134932959
2024-08-21,0.01930255880121575,-0.1984550165751322,-0.13087654154318457,-0.35764334791413666,-0.2937225351663309
2024-08-22,0.22457150036892726,-0.2700669592073601,-0.10778353665648081,-0.15519737540954645,-0.24238062835768526
2024-08-23,-0.07853007655643676,-0.1959065334005317,-0.13295470534372308,-0.30356878792334996,-0.2890398967759584
2024-08-26,0.012082609609740336,-0.28562212747524546,-0.1708023654847347,-0.1769075537998312,-0.35458534363044836
2024-08-27,0.007510374202996052,-0.25898812638852875,-0.14625033904176732,-0.2867108095037708,-0.3005403508629371
2024-08-28,0.2543395670970138,-0.3371886489183054,-0.19943642568676173,0.013023027931703242,-0.19601233036621585
2024-08-29,-0.02884659321139869,-0.37886607141791884,-0.18679549497407047,-0.13260777517856004,-0.27288406521805203
2024-08-30,0.1533080676172862,-0.22444867666255014,-0.09630403723198752,-0.24366875987706776,-0.28227045861110844
2024-09-03,0.1644009108323092,-0.08366107819600557,-0.12559422544348725,0.40222321059299854,0.2241205749351995
2024-09-04,0.1089624286010351,-0.30747929480216746,-0.25648632848989095,0.2326750522438171,0.09439689586308933
2024-09-05,-0.04071592959679005,-0.3315956439231897,-0.23024406096581124,0.22933601476430107,0.16810835074990807
2024-09-06,0.12569629494278842,-0.10531224531455545,-0.09075536067177029,0.4111837008390917,0.2670523982317941
2024-09-09,0.0537185683256842,-0.35415781184193995,-0.2512553383516755,0.23000163654259032,0.11086664493811006
2024-09-10,0.073873560494873,-0.1803136740652076,-0.21673188201398952,0.2800683772900556,0.2490125061358743
2024-09-11,0.1590780572321243,-0.4104395715051705,-0.2678201001475013,-0.08550774607040884,0.07715452504479506
2024-09-12,-0.2986980356717074,-0.39727256008398387,-0.2434604922306009,0.038754012145219,0.02181489986848872
2024-09-13,-0.16324516819447343,-0.43386815810329726,-0.32147914513950954,0.06046428478057768,0.020943243782142077
2024-09-16,0.03688109650911999,-0.39626507702176733,-0.3103710671142791,0.20822215581159176,0.048260603543242006
2024-09-17,0.1659271632682198,-0.4697095831549025,-0.2924457582769162,0.05603963579544064,0.01587785950452077
2024-09-18,0.18627327653778797,-0.42864699632913583,-0.19962864493452362,0.12583371270337898,0.059617369495173496
2024-09-19,-0.15772380901855362,-0.21620316385446517,-0.1217670370449713,-0.2915363809522713,-0.2127696091297386
2024-09-20,-0.28198247354746864,-0.396421177537443,-0.24721420045151074,-0.0358242913685663,-0.03855785709501136
2024-09-23,-0.05155869558058943,-0.3633813079378094,-0.2577129460850696,-0.1702209119517595,-0.15712613844477205
2024-09-24,-0.25943623677520206,-0.265928602674168,-0.196333279419109,-0.1611200408257766,-0.11718184030574431
2024-09-25,-0.054340128487664285,-0.4517877658380854,-0.22558984864078246,-0.19974933989398774,-0.06853291713948019
2024-09-26,-0.14221679571334717,-0.3100604376851417,-0.18511032313126496,-0.23023843828260715,-0.1323740051876391
2024-09-27,0.1736693707584019,-0.40607714402087336,-0.32829663252763447,0.07591689984217734,0.016039952850912774
2024-09-30,0.1965894398235662,-0.36360407107893117,-0.2059541384128071,-0.10653637177822535,-0.1273159789064702
2024-10-01,-0.10299515082271153,-0.20106481264712045,-0.19407092663324307,0.2995299040758221,0.20233920582110282
2024-10-02,0.03897034602295692,-0.4339386766305504,-0.24116874933051383,0.16715748416953405,0.11876474384644482
2024-10-03,0.0756662489668918,-0.2992136779448741,-0.14241625852279183,0.2684833118451,0.21422050272034215
2024-10-04,0.12296366114169414,-0.6133465572802467,-0.12449345240405202,-0.054869228405578854,-0.08432710076842825
2024-10-07,0.13056526288187384,-0.13401764789589765,-0.07298621313603114,0.36942500872425255,0.2930058673619449
2024-10-08,0.3044982238489444,-0.35062290693970544,-0.21706753030245218,0.051601474412588964,0.07620986449630893
2024-10-09,0.29377454905668476,-0.3126964109460615,-0.14215324976252505,0.1565669531997466,0.09480883703498219
2024-10-10,0.05950679578845603,-0.24326480511301918,-0.16112330224887605,0.2899364438193463,0.24616865303030244
2024-10-11,-0.040252685645305576,-0.37444991714817744,-0.22593488066153158,0.2698354748446329,0.08952704170035251
2024-10-14,0.22713165044613048,-0.40300691219750984,-0.22908062212613536,0.1387262981509853,0.0020545170792390347
2024-10-15,0.07519767728309208,-0.14813972934667066,-0.15635103814794715,0.3874007179534945,0.23291083726879566
2024-10-16,0.03525457511027761,-0.28938070463473686,-0.21457615046031148,0.3510054613287545,0.10978310846591953
2024-10-17,-0.02946125912854602,-0.30047919288978453,-0.14505937372403352,0.35794405915202976,0.16705611510560608
2024-10-18,-0.13063461358461187,-0.3188565378697447,-0.22678470108896887,0.22858096468335598,0.09514318277331868
2024-10-21,0.023572529202024038,-0.27858820596558215,-0.10772380171482909,0.35928947394371435,0.23082598917385022
2024-10-22,-0.15102510732089566,-0.21246555914338444,-0.1570982489371693,0.2912737029195058,0.18813738167904476
2024-10-23,0.14256913120777126,-0.12075815582466333,-0.08957567808441917,0.3978144548147417,0.24928258006840456
2024-10-24,-0.10105728597367701,-0.2688921278919349,-0.20855879499464344,0.215368901803527,0.2061228893362175
2024-10-25,-0.028299009128320424,-0.2513663677936063,-0.17568501295843364,0.2509615398480694,0.2936880702715703
2024-10-28,-0.012601598201608277,-0.3179385914626097,-0.20446591136163436,0.2806973850437068,0.1842965139304408
2024-10-29,-0.17996274424285252,-0.27339424183342953,-0.23356792670804707,0.1058911074492903,0.20718397976638048
2024-10-30,-0.0851265682347676,-0.19233036852835328,-0.1679737019202061,0.3213759016739483,0.23319345964272464
2024-10-31,0.13440421151341822,-0.09291352545582111,-0.09673491412706177,0.3698710291068344,0.3060763197968644
2024-11-01,0.07683673316481301,-0.2984275831234,-0.171022477336337,0.22352087961528003,0.23019232676017
2024-11-04,0.04003298336260029,-0.1906574813320195,-0.19728100667991613,0.3065351254232953,0.2654934032021688
2024-11-05,0.026374954337054637,-0.3748208872853867,-0.3003260587149936,0.17718202373785663,0.12129607592470845
2024-11-06,0.36744220904116354,-0.2277734255060204,-0.08244266303923814,-0.15207192638207004,-0.1702697760315079
2024-11-07,-0.042071256352685535,-0.3959686979740981,-0.41101047215372494,-0.11854779230639206,-0.03240178121309945
2024-11-08,0.3278627250422471,-0.2966685095837056,-0.26050647793223947,0.027630363390884313,-0.08733192405092349
2024-11-11,0.5297052164969175,-0.22035446826834307,-0.16279385749989955,0.004946840058145557,-0.08219961767669431
2024-11-12,0.5050121647727996,-0.25464079592672473,-0.16339641247217762,0.024285104859771915,-0.05266552196852612
2024-11-13,0.44091972936672325,-0.24507112529604602,-0.19718410576683346,0.03977498195243743,-0.0770500576179598
2024-11-14,0.35763406911811585,-0.19197474242956566,-0.18848458960787096,0.18543279054959463,0.07647380829485277
2024-11-15,0.2123193661801105,-0.1477676520400569,-0.13422705537270813,0.35010074339057684,0.1555851830165476
2024-11-18,0.004051760909918045,-0.37075712101772323,-0.3392920261705966,0.22846713574750285,0.057431956154259264
2024-11-19,0.10953251369940324,-0.3083898989242393,-0.28828924747289436,0.2154211906383588,0.07836714926510419
2024-11-20,0.08271188382794756,-0.2613037916517121,-0.2161757239385141,0.3139573200544039,0.1258512805274224
2024-11-21,-0.017825686489422655,-0.3342809256585829,-0.28570183307695873,0.3085906964318026,0.0536008583432329
2024-11-22,-0.13452709350045247,-0.2545950593118122,-0.2442256258599646,0.28935100063313507,0.07730122069463564
2024-11-25,0.36376337928411584,-0.1700074630436651,-0.21945565261857547,0.19187974591594253,0.054893759137701045
2024-11-26,0.07426429799085212,-0.3454024224143722,-0.3079657054881628,0.2335830595110574,-0.03878451459555555
2024-11-27,0.033567294388643684,-0.2675845754938638,-0.2647599491667241,0.3376036650615214,0.09648451588924706
2024-11-29,-0.09664697759730699,-0.34671349296009313,-0.36566705455853465,0.1439449007946486,-0.047027574089416775
2024-12-02,0.2506860888856927,-0.3768142519754975,-0.3580091068857688,0.013714448938075496,-0.0007761033149656894
2024-12-03,-0.03960262185283039,-0.46564826927661795,-0.3607017852365916,0.12524277240844567,0.008804551225514488
2024-12-04,-0.03846870723481308,-0.37574520677327955,-0.3761468318858037,-0.12098368661023463,-0.08865556749586895
2024-12-05,0.16950346789714482,-0.3312627132655015,-0.3186586228949126,0.12796212110554733,0.052613074836893765
2024-12-06,0.0003181489078845742,-0.4035397611075859,-0.40432109728343596,-0.17244956031390593,-0.01937143238718768
2024-12-09,-0.21266629722088273,-0.2976256384037192,-0.2273510556949228,0.14751488418098427,0.11484212449949094
2024-12-10,-0.27417619882426536,-0.29796372127609577,-0.22811802077229257,0.09232038082037282,0.10742167830697348
2024-12-11,-0.22923566432640974,-0.2697996477243858,-0.1877186304100733,-0.24845364061788597,-0.06479241692124521
2024-12-12,0.18424971938630716,-0.267582991789805,-0.1976419252532645,0.15585786972242896,0.1946674938481944
2024-12-13,0.19912398897171296,-0.3129697039982192,-0.20552340766654398,-0.1495618268875064,0.13282107247601746
2024-12-16,-0.07416811218908703,-0.34843502735748394,-0.256568247045862,-0.2846182389118757,0.0362103744956914
2024-12-17,0.09675257001783485,-0.27437401564655306,-0.24509866132997135,0.11074440187235819,0.27303035113328256
2024-12-18,0.17750643616766446,-0.02818484364748618,-0.02578980188057543,0.3821909766125404,0.38632794169173346
2024-12-19,0.027062273359801967,-0.20328408107638507,-0.11462786209152982,0.32614071295164443,0.3288850705206388
2024-12-20,-0.0945672643637991,-0.3018131327908434,-0.22401490882741928,0.20557263859481748,0.17403205542312067
2024-12-23,0.13952793154686213,-0.21290663508341093,-0.1288799111457504,0.24068115590952774,0.27800436631444875
2024-12-24,0.007196318893926642,-0.41126051224746185,-0.28606856274740244,0.16109571008485177,0.1343788960263572
2024-12-26,-0.07496370084989985,-0.2591755140683454,-0.1892230193348686,0.28424197904864484,0.1923957866982413
2024-12-27,0.10331308946777452,-0.12130226289140504,-0.09767811569765777,0.39871431068941554,0.2789922212537471
2024-12-30,0.06406388890580404,-0.1319346457588269,-0.14586279344266592,0.3840655606976337,0.2740731111950694
2024-12-31,-0.057336767979194264,-0.16623653613478995,-0.12226194593535582,0.4219157981880061,0.23224895176265387
2025-01-02,-0.1386749840287794,-0.17827405669286822,-0.13710927793364688,0.3408759309723865,0.2050657503723189
2025-01-03,0.113248954074566,-0.3422389258539288,-0.23845670938872263,0.25949742144362337,0.046557989239159284
2025-01-06,-0.013703278989904994,-0.35924863247010264,-0.25982609811565266,0.2724514061076815,0.09477058431665825
2025-01-07,-0.07906697218096327,-0.132576922618553,-0.09475932710685696,0.46373952752974573,0.2298572505638811
2025-01-08,-0.10380845360304863,-0.22290640251212399,-0.19740120487560459,0.3594843453500977,0.11639959365912513
2025-01-09,-0.05173570157570549,-0.2325086702888623,-0.19856914693931124,0.38940356574245444,0.12778291545366643
2025-01-10,-0.14850003141801155,-0.10800456217257556,-0.06580531547489807,0.42489515757952967,0.25279493335498515
2025-01-13,0.06780609973709002,-0.21088332259894774,-0.1607895063079856,0.43366973342500204,0.12685133793097458
2025-01-14,-0.12567763440762425,-0.21332255821582924,-0.17479833864849112,0.375307769031813,0.11089369969624233
2025-01-15,-0.165074399717634,-0.32524389456501845,-0.3197772370274792,0.020991343881915057,-0.16891312480795329
2025-01-16,-0.15994187574421156,-0.21432978828914764,-0.2068106000925087,0.36799521541596786,0.050922520458164124
2025-01-17,-0.00039396437053318954,-0.3512963887996358,-0.3119969463368491,-0.05362841052754877,-0.2826842899654331
2025-01-21,-0.271189028178602,-0.2376743206963762,-0.2258244519799209,0.039576424887586,-0.22573577425751476
2025-01-22,-0.1737569064304592,-0.2177656489035263,-0.1772319958198821,-0.15439335964170064,-0.2768520892044317
2025-01-23,-0.09063812656422031,-0.27808631360930997,-0.19586285021316371,-0.08186253568244833,-0.3535501739308577
2025-01-24,-0.18662240447024378,-0.27065493065972135,-0.2576264949104794,0.04571109940312416,-0.2393850705564313
2025-01-27,0.11032647580448718,-0.17995301468523028,-0.2290606196981845,0.4496557021030231,0.031004187709075058
2025-01-28,-0.15788104523794816,-0.2177987397669759,-0.20187547909094974,-0.12164970314352622,-0.3007950327606
2025-01-29,0.04664191126205331,-0.3382933737187747,-0.2925632103956365,0.17006662125038194,-0.15243488337315336
2025-01-30,-0.23665639191766505,-0.2592844070892206,-0.2436445720052864,0.03203092792807792,-0.22838370105975014
2025-01-31,-0.07262356904780268,-0.3399415889572176,-0.3197729343881868,0.21575362907924578,-0.05190827852754719
2025-02-03,-0.10004820146558867,-0.24838783767762446,-0.26318632535631203,0.3248384982120097,0.06353913728846491
2025-02-04,-0.19392464944062313,-0.28507648535951663,-0.2648760185791236,-0.08827408088144341,-0.16784876573929314
2025-02-05,-0.15637119898142637,-0.318949946218976,-0.3682606842498034,0.026028936760053283,-0.130389233789741
2025-02-06,0.00445490911842826,-0.3680868828833202,-0.36429104019595837,-0.056630079124361285,-0.20653708867793186
2025-02-07,-0.08572956966591794,-0.22644672429796323,-0.21407133381054497,0.33362954502973097,0.1401228271958428
2025-02-10,-0.2924035142036363,-0.25610873990245486,-0.21740017669045267,-0.11366560673811243,-0.12042196246534374
2025-02-11,0.003062807875885977,-0.42084706213148787,-0.3402595732763157,0.188113773395953,-0.0477167833203576
2025-02-12,-0.13093479861181265,-0.42775278945451595,-0.24648783944973565,0.11058538133279547,0.08423919115114026
2025-02-13,-0.14566805836058308,-0.27040823712994017,-0.2866702571343638,-0.153665662271883,-0.14358778510323006
2025-02-14,0.3406240429386142,-0.2926925647386192,-0.3160544392535333,-0.04858913610462392,0.0020398169646092933
2025-02-18,-0.2971575749254809,-0.3020899032095531,-0.17697875526819073,-0.09617857799765084,-0.12759518859912436
2025-02-19,0.07081781947874485,-0.3977595346322675,-0.36247006355158967,-0.03765505582583924,-0.13129752651155868
2025-02-20,0.09877329266115416,-0.37866314831276787,-0.35770248895342927,0.10753774730443771,0.05732332276821096
2025-02-21,0.10183837018447191,-0.11477665619184128,-0.17774425038378033,0.3396217626569391,0.2660189605829673
2025-02-24,-0.016279889934461066,-0.2262302234653984,-0.21687445281263748,0.35891675844456583,0.18169867534293707
2025-02-25,0.19875324470606953,-0.1395305748706837,-0.17371854803672207,0.31656482694211785,0.17143280544440678
2025-02-26,0.10195252020173161,-0.2110045733516468,-0.2118780780982231,0.29074026857662777,0.18442455977177072
2025-02-27,0.18668187801127067,-0.08665073206982932,-0.0837193612252984,0.406294812265553,0.23665321642804849
2025-02-28,0.27744805102007186,-0.20789765914345443,-0.22652531646667323,0.23743320307730656,0.05069577029249389
2025-03-03,0.03724680012990798,-0.08018830527420265,-0.1146295167544439,0.46133446950329754,0.3066009083381479
2025-03-04,0.046891803330336324,-0.14478700187160728,-0.10725356904940635,0.3739932071606268,0.3270744185880233
2025-03-05,0.13300344714658577,-0.25512554130486387,-0.1430267252133951,0.30405085986275915,0.1647934264723962
2025-03-06,0.12834268979350572,-0.06312307762267622,-0.07146899366250506,0.4399699825119965,0.29709525640931644
2025-03-07,0.130893172756629,-0.196002962697659,-0.13885807056301228,0.32250582747459183,0.2117399665081079
2025-03-10,0.13629525654632407,-0.03325187136871338,-0.07581133829479506,0.4419868867875963,0.3126546470025713
2025-03-11,0.013694270572098082,-0.0975416448958747,-0.07692459735177784,0.43033709663586606,0.38150239054438334
2025-03-12,0.06273406715066467,-0.19669865341046452,-0.11993892492842281,0.3293757250889524,0.29125262942149566
2025-03-13,-0.0395414871124542,-0.03414384221421128,-0.08998360338914027,0.4655532523876528,0.3707778148965414
2025-03-14,0.07036773158045878,-0.5047373422662048,-0.2585850923262942,0.119542102995406,0.046767730831636066
2025-03-17,-0.02317590746006016,-0.3064860752258445,-0.2287712477065437,0.28564060020525456,0.1559261694022971
2025-03-18,-0.10041777985257686,-0.13124378719946167,-0.127724703942785,0.39089557925621266,0.24971814974896372
2025-03-19,-0.09772237797008637,-0.3835777356965809,-0.27110131120638564,-0.0916411602560606,-0.1559574148708865
2025-03-20,0.042138169758633215,-0.36265539084498455,-0.34664483757271874,0.2167392657514884,0.03182233607217482
2025-03-21,0.18752641636937312,-0.2914039876329215,-0.2322714116530754,-0.12514803878706152,-0.1636501455575683
2025-03-24,0.02839160135318929,-0.2050007931771049,-0.0844035651840601,-0.3420234037138107,-0.340180636571835
2025-03-25,-0.012063578689650264,-0.19535209755365207,-0.16811880083237207,-0.3173672649850712,-0.30709825793925444
2025-03-26,0.14797663797956345,-0.3220406163659482,-0.24830430887779625,0.009693182561201448,-0.2719852542154906
2025-03-27,-0.15628228824017884,-0.20238276942181838,-0.15615104972718205,-0.1917185731009821,-0.2934653195098386
2025-03-28,-0.02926436664676741,-0.18420739707165595,-0.2975684788269989,0.34995388016425877,0.13900587729031888
2025-03-31,-0.18292930513579422,-0.21457122132306566,-0.19010183565868963,-0.11373030236787565,-0.29866733551457475
2025-04-01,0.02788608614461006,-0.24707725532430672,-0.21653252134108053,-0.2420004291237536,-0.266503708066249
2025-04-02,-0.047233312091223015,-0.23118960847492587,-0.15397065788384245,-0.24865114236687486,-0.3189552791831338
2025-04-03,0.1001969271283127,0.04601348574724416,-0.08656800172584372,0.4125333262216364,0.3546882591769629
2025-04-04,0.1580678464572917,0.03708296566304847,-0.037115490758648104,0.39557343990933397,0.3721602572116778
2025-04-07,0.34681380039604315,-0.04016288665045477,-0.008579272708951464,0.2787028059397465,0.3257412343048041
2025-04-08,0.08278320168170523,-0.04795209602427123,-0.04669340575530387,0.41333325954941563,0.4092380369893039
2025-04-09,-0.11660187256191847,-0.17182087604935792,-0.07073681817470844,-0.3468095299242385,-0.29403090328977666
2025-04-10,-0.04482144031002845,0.07498213844033466,0.0013932325075470997,0.42782305999114517,0.4509801287509446
2025-04-11,-0.3657689854690837,-0.3527385771904657,-0.18330267207842324,-0.09378015362210704,-0.004409611639920275
2025-04-14,0.262265545378611,-0.2504238687312751,-0.3415647367094741,0.08248515031960438,0.06326069886103539
2025-04-15,-0.03603109614211693,-0.31582690875348784,-0.35252864534668826,0.06601673647051395,0.22959661328719286
2025-04-16,-0.2526038127052492,-0.06050725031464984,-0.106818097153365,0.32382787236536975,0.25624296746136627
2025-04-17,0.02031558726265388,-0.5685144877786665,-0.3256708518121711,0.08535266440491492,0.0001464087415935888
2025-04-21,-0.30063727480587915,-0.02872641200752056,-0.03860092697760617,0.3278015758841437,0.30423381032485036
2025-04-22,0.1506260110754694,-0.18369821548589405,-0.14928894161840195,-0.24173657269367835,-0.2746502591265563
2025-04-23,0.27886101212332454,-0.16273181042080287,-0.12705415137163395,-0.23768521723019562,-0.193667808854043
2025-04-24,-0.06608706798543311,-0.1711714175870226,-0.14420352146742957,-0.3287026820558852,-0.2898353109042294
2025-04-25,0.23856906848092113,-0.0982203731180313,-0.13014465300111341,-0.27661910743377943,-0.2564467979661546
2025-04-28,0.01591325922097292,-0.13975923639546253,-0.1994029987506986,-0.3033778873102527,-0.34154661832261324
2025-04-29,0.226575084944162,-0.10765487960630822,-0.12162410634206726,-0.26218875154656796,-0.2819571775608946
2025-04-30,0.3304797239129319,-0.024407621604184464,-0.11354082440844779,-0.2442111670615583,-0.2873606630128775
2025-05-01,0.3026522550001915,-0.09065994644957545,-0.06259102123455107,-0.2801310488725876,-0.2639657284430946
2025-05-02,0.1672093357585143,-0.11498617609804346,-0.0565076411262471,-0.31685437442464853,-0.3444424725925467
2025-05-05,0.0016366570994145436,-0.16117502197342443,-0.15333150373137241,-0.30499329291180566,-0.37886352428398296
2025-05-06,0.013681395642423658,-0.19578805514865727,-0.3057757856026483,-0.17008126858097602,-0.31467349502529474
2025-05-07,0.4320086750076751,-0.10003681189794682,-0.13175458334733786,-0.13906966397512438,-0.19713026577191578
2025-05-08,0.41324545230226506,-0.11081362712367789,-0.049921384825257153,-0.2035149358478774,-0.22250459990092247
2025-05-09,0.3887681203101279,-0.17305396840850856,-0.18166426823045373,-0.08769522444638754,-0.16881841860452224
2025-05-12,0.2915596096435888,-0.1292227210323596,-0.05062392628697021,-0.26823875874646036,-0.2603549842906211
2025-05-13,0.31184263700027365,-0.11998358309256901,-0.09772490439626351,-0.2537360642068497,-0.2167128113040441
2025-05-14,0.5824340083257913,-0.05715136288103725,-0.05828894137583798,-0.15857161744691906,-0.1435540699704146
2025-05-15,0.372191432015371,-0.1303540272347999,-0.19672170904614464,-0.10267400256702011,-0.19805882913666434
2025-05-16,0.5436700349778673,-0.11048543242115497,-0.10957603718006051,-0.08361448456364981,-0.15265401085726749
2025-05-19,0.5150130263409312,-0.1706562587117955,-0.19138262402368864,0.023758023635660038,-0.0991900672879247
2025-05-20,0.31282225718304085,-0.16741973982987807,-0.17942403670561666,0.24022866296507103,0.10010530331639336
2025-05-21,0.2494580701568537,-0.02247369578962228,-0.03921028181716057,0.36703215639078296,0.3218257958455805
2025-05-22,0.34288828728575016,-0.08827546934535964,-0.12189776446884408,0.2488104227653321,0.19812805613471396
2025-05-23,0.03993838675712847,-0.06273199499662256,-0.1133097387852524,0.4367044494550244,0.34731543000597215
2025-05-27,0.40618695620719975,-0.1515621995800118,-0.16233912853604882,0.1676947510942004,0.11221696458253924
2025-05-28,0.19092835809061415,-0.06477616105413704,-0.07289029001713636,0.36228581933078596,0.30911937150732666
2025-05-29,0.14454119798216883,-0.07177305325886985,-0.12065884384715514,0.37831802747131754,0.2847088774404887
2025-05-30,0.20351136120490299,-0.056402709367730716,-0.09604033125277711,0.3588264526776997,0.2852191454968895
2025-06-02,-0.06387196360506092,-0.09116184041860179,-0.09795946202945653,0.4148510956170378,0.3321556383298429
2025-06-03,0.21044637098425067,-0.08793386473258258,-0.09626149049502877,0.33735754286180175,0.26800073092633625
2025-06-04,0.09609318934579344,-0.06133255862288581,-0.13163685336862327,0.38170841610329603,0.3292289825594015
2025-06-05,0.14337948968443992,-0.04401233137959839,-0.0665728604459599,0.4179416788210504,0.3280936396689514
2025-06-06,0.23860258665342177,-0.09173854662745799,-0.05855940589529088,0.35504432958776244,0.25605513123606694
2025-06-09,0.10878420732533554,-0.06084283285654505,-0.09691998312785306,0.4091190746078444,0.3243339020824219
2025-06-10,0.14539199058756086,-0.08637869885615314,-0.10767186944955633,0.3746049788136135,0.2859524622931162
2025-06-11,0.10610037212341795,-0.045304588260944856,-0.0990671346126463,0.4197319648955098,0.3297959401074811
2025-06-12,0.05208330110645006,-0.06729861258962587,-0.12089275516318151,0.437535483026726,0.3221898481140165
2025-06-13,0.013590867731500816,-0.03962241489490226,-0.05948606389158629,0.4937789700760865,0.393521683405924
2025-06-16,0.2182774577661979,-0.09418173183748889,-0.0833197005231286,0.33484643967947464,0.26937467019371
2025-06-17,0.10859377463731666,-0.029001409921256747,-0.08359624150429373,0.4297917905723829,0.34901678336475
2025-06-18,0.14338669613372568,-0.0641097596987959,-0.08108573887709813,0.39465132953875864,0.3167664757516217
2025-06-20,0.10846251803153628,-0.07531255794663634,-0.0813681147620553,0.41021350057666395,0.32464330868310814
2025-06-23,0.11857551162574136,-0.07099258837985917,-0.10687970468708417,0.39537125290306024,0.30818094240425503
2025-06-24,0.24884514272567218,-0.07535803143715664,-0.10320857126802477,0.31262158360117537,0.259966670967971
2025-06-25,0.13618958802912925,-0.059528725547914454,-0.08959443731540911,0.38860733692336824,0.3260799121841789
2025-06-26,0.18132677390509397,-0.08745306260735661,-0.1200157846604313,0.3377391756914015,0.27346520313571654
2025-06-27,0.2961829199051918,-0.0642193942197938,-0.07394969424841522,0.32232519758346284,0.2433227940431363
2025-06-30,0.11707546275610231,-0.10676119179844211,-0.13647923777228313,0.35321399825232286,0.28647010942084955
2025-07-01,0.11567301025762204,-0.06779953608820233,-0.08855607264487546,0.4412726882188849,0.28669869279041527
2025-07-02,0.1386264718412368,-0.14004650535443647,-0.12185905224775603,0.34764392807814404,0.2518240424784266
2025-07-03,0.2537862898364253,-0.13475898005785603,-0.11356642071369324,0.30021231867074716,0.1976759907212783
2025-07-07,0.14565654636415995,-0.06006880151160312,-0.07725750735477581,0.40613493643111775,0.3108822083383434
2025-07-08,0.2790357980964671,-0.1155736418234185,-0.1074848854442567,0.2889398255235255,0.2089658491123322
2025-07-09,0.1674228830179366,-0.2080480692775304,-0.2116967008377441,0.2576877244314212,0.15514462243536772
2025-07-10,0.1673977240177905,-0.16338710313000218,-0.1445752944764076,0.34936453824681474,0.17527534012898502
2025-07-11,0.035758082311050994,-0.18989611145471544,-0.11792708974503391,0.382707085684238,0.2737116308049617
2025-07-14,0.18479905836234553,-0.18202127916230673,-0.1438102152396957,0.2872394805928815,0.20212996664277055
2025-07-15,0.17223271267329038,-0.13376582565398146,-0.09830985811605832,0.3041976478408831,0.2914939557157867
2025-07-16,0.06121775297796937,-0.20661307123083922,-0.18086994750446841,0.3242490152051756,0.22705021308154744
2025-07-17,0.15225423735586482,-0.23880147215642608,-0.18409504356223594,0.23383834252180075,0.1910109044036724
2025-07-18,0.07113027698370192,-0.19192644238520634,-0.18006089178171678,0.30838327945995747,0.24849910938941758
2025-07-21,-0.12646553040359262,-0.2046428632975107,-0.20157345846604094,0.2336931226547078,0.23362502517814804
2025-07-22,-0.08023547894894502,-0.1955055485941585,-0.17914547806482461,0.32680171321742707,0.2183117811746449
2025-07-23,0.2114350393459136,-0.27368976302690917,-0.17012048604607602,0.2444608151437996,0.10029389643730167
2025-07-24,0.14134676408919983,-0.20276779657000685,-0.1642804599824612,0.27399274935698403,0.21761223000134805
2025-07-25,0.21336816858322688,-0.20235567857920223,-0.19344934367547748,0.2495828736490208,0.14124393551307265
2025-07-28,0.20463908958800484,-0.22206071608806308,-0.16075543522321664,0.2237273746382335,0.18881738446248178
2025-07-29,0.10549527046168986,-0.16865239734015017,-0.20848652442447485,0.28105135900179284,0.23631444877189225
2025-07-30,0.3354260657729517,-0.15992512845702175,-0.11774246890019836,0.19913223386532927,0.18777410300449887
2025-07-31,0.06631043918243623,-0.1931646559016678,-0.1685238989402917,0.31397051854271546,0.2580304874328888
2025-08-01,-0.0459986521465286,-0.08387406034336374,-0.14983173813256398,0.38516661017707277,0.33512893920047093
2025-08-04,0.004061558459582697,-0.38385620666808706,-0.30105238701143033,0.15465101061797942,0.15637883724292032
2025-08-05,0.03760465165259314,-0.15885678346005477,-0.13636476372588263,0.35864194715992337,0.3085318540015461
2025-08-06,0.08331649146013609,-0.2776175608330887,-0.21798708167034211,0.1901930742992247,0.23088579173720827
2025-08-07,-0.09982884242994461,-0.21208280749178166,-0.18019881109795494,0.22648649849380767,0.28140304048651105
2025-08-08,-0.014636168204349913,-0.3996317254962509,-0.280061879547078,0.12457403299430156,0.18109619375801958
2025-08-11,0.19581150385498883,-0.2040168095111139,-0.16998295281535694,0.2142602131429034,0.21592852067563698
2025-08-12,0.05250239605660318,-0.505384942841835,-0.36316810738399974,-0.06537404334845835,0.01357051036910374
2025-08-13,-0.010386377553005309,-0.37253179261670744,-0.3262884671992094,0.17197685706459362,0.11881650556648402
2025-08-14,0.18532548524364864,-0.2875370301809089,-0.20513008265833987,0.17767418014324307,0.1443332217738595
2025-08-15,0.027668200425095348,-0.3430858350681834,-0.22303553617112762,0.24136130300322678,0.1648491253323669
2025-08-18,0.09235774366075547,-0.32084292691842775,-0.23739617104643415,0.20802816097142693,0.14137499740295573
2025-08-19,0.11790372374877348,-0.1818473407109115,-0.16705336657418343,0.35010081695838374,0.18309475200774786
2025-08-20,-0.0943247379580432,-0.20426197451824862,-0.17725003087208535,0.338608304845959,0.1855549518056638
2025-08-21,0.05696552740145052,-0.2142357158445293,-0.14215400058607183,0.3650365201748217,0.22160823599312657
2025-08-22,-0.17532878679936062,-0.3784707961060703,-0.28673717692668793,0.07318104032147157,-0.08628219984640963
2025-08-25,0.021875788025422654,-0.22772273854971478,-0.17034657494702224,0.3602983365023109,0.21975656197552942
2025-08-26,-0.14970183360360062,-0.3000267981805412,-0.24835282941464085,0.23358331984401834,0.0683352189571989
2025-08-27,-0.10570327450039876,-0.3017496699874528,-0.25281117643231066,0.25836037251645094,0.08137550656338696
2025-08-28,-0.226539390227764,-0.3049952844938433,-0.2744042549622678,0.15037236204288473,0.043688708273240125
2025-08-29,-0.20002741790671455,-0.171747837778671,-0.1499880687180444,0.32534441476257087,0.15289226083399915
2025-09-02,-0.3317556518032746,-0.15723575786465663,-0.11084235292885496,0.24568445176191475,0.15448178564129916
2025-09-03,-0.2952896975125628,-0.26295798045532043,-0.23792199977267048,0.13805394541774205,0.06577637684170431
2025-09-04,-0.17616676460657324,-0.35396709171598334,-0.34018667875634934,0.12101960863824356,0.008659856282850558
2025-09-05,-0.31691504695849165,-0.18361244573794128,-0.2068604758801755,0.14637162860870326,0.14624040281468814
2025-09-08,-0.3821478043324074,-0.2232198495699998,-0.23737862758663897,0.07646128853888742,0.0807924299720665
2025-09-09,-0.29098370899377274,-0.32516707326947564,-0.25929944705103525,0.0613657734829692,0.06318399720274728
2025-09-10,-0.3124343731027693,-0.2938516260573869,-0.2928113883695756,0.07179641561420087,0.029106196856067384
2025-09-11,-0.19373894621984522,-0.3177747282167551,-0.2716177017130267,-0.08750842535510307,-0.1293601984952699
2025-09-12,-0.2577796178084525,-0.3210230702673843,-0.24398275789574878,-0.14253696543320593,-0.034677588595208586
2025-09-15,-0.24769893988044103,-0.24990771555464858,-0.2074406467940238,-0.18020234578042937,-0.11475035199045718
2025-09-16,-0.18841745214436445,-0.33336305056310667,-0.3110048760186789,-0.12275645828401952,-0.0444581629898304
2025-09-17,0.09342193242013616,-0.4023893388064168,-0.3094767697205223,-0.1308705631805975,-0.06384139587232733
2025-09-18,0.026231079574891118,-0.32528972809550283,-0.1942538079063233,-0.2940412880356675,-0.16018409638761533
2025-09-19,-0.13629404278159776,-0.2671083548177146,-0.20490073872679418,-0.24766583384349317,-0.14403102983040023
2025-09-22,-0.21067900434670836,-0.24459894119677444,-0.16480889030435128,-0.2311971209985913,-0.14871604315357467
2025-09-23,-0.04277017931317788,-0.4307852683946789,-0.42554083633443474,-0.013987042492777588,0.08691667346493095
2025-09-24,0.2878757174096134,-0.3725335704644391,-0.2522616970229151,-0.050827045997547025,0.0365019691054854
2025-09-25,0.04832995203760103,-0.37040757839775706,-0.28468875525964366,0.09132504879651694,0.2052486655084814
2025-09-26,0.004604651600877394,-0.48718947977827587,-0.32966554872775783,-0.10414765487742954,-0.07439266501565933
2025-09-29,-0.2049351709160153,-0.3823270595467286,-0.3278378478795995,-0.04913392028447715,0.03576600137317954
2025-09-30,-0.10775719150534567,-0.4985756428710452,-0.3839767883726974,-0.0040646532405014145,-0.005625724010410405
2025-10-01,0.08880693075745646,-0.46224703073257706,-0.40795945956873636,-0.03743579715389738,0.0035507817873325596
2025-10-02,0.232986160220721,-0.3697716002468698,-0.32454695620380664,-0.028638223996681936,0.044057059331920584
2025-10-03,-0.04460910218279256,-0.3967115586796924,-0.29551746752822916,0.19814032412964336,0.06502154747964232
2025-10-06,-0.28179893904059744,-0.3540755169582605,-0.23130779990998337,-0.09160424796121899,-0.04121349612993957
2025-10-07,0.012611765015310314,-0.2744872100070699,-0.285354050007539,0.24643993169746303,0.18110704327261765
2025-10-08,-0.2715637148234741,-0.30572169632737883,-0.28292120212530725,-0.11130738747653159,-0.02848599924730825
2025-10-09,0.38692354639896076,-0.18891676292864248,-0.18355945547070926,0.11473409275558231,0.1258661424461053
2025-10-10,0.023940210093718297,-0.040282134582910904,-0.11831042769098457,0.44979373789403687,0.3676734897383495
2025-10-13,-0.29727242922236663,-0.38559002862211395,-0.2748541139604095,-0.02925200333963603,0.01303142485547386
2025-10-14,-0.00042591713867683043,-0.1915044033352921,-0.19624845971914354,0.36621556109145104,0.24560565871543646
2025-10-15,-0.18004535012510164,-0.27020861656792494,-0.19961223913018875,0.19322105311039417,0.15691274106639053
2025-10-16,-0.1722340606865934,-0.0869713140284678,-0.15878773953347847,0.29917297421814193,0.28283391153331844
2025-10-17,0.2810659736223494,-0.24134904003189694,-0.18031815756470687,0.17037750427005086,0.1268893245109959
2025-10-20,-0.41378242359010975,-0.2462512843427763,-0.22472860373611156,0.07146167259877068,0.043776015732231825
2025-10-21,0.6131833808969519,-0.08819446323041767,-0.10432476671691134,0.1122555850805569,0.08204180407516219
2025-10-22,0.3171333569649499,-0.13627449478618286,-0.14100707841078658,0.25057695451438494,0.15500811532369577
2025-10-23,0.44388980040481335,-0.2774379926547182,-0.18964626485240058,0.07092606295102069,0.018099879137047414
2025-10-24,0.5363893220180167,-0.22631656756478563,-0.19137441502910685,0.013947711241459935,-0.031971984146630855
2025-10-27,0.5636825833408249,-0.13945428779357633,-0.11681337610676756,-0.09136874417022472,-0.08868100858860645
2025-10-28,0.6045444019218797,-0.13364096752924673,-0.1420992566945225,-0.06496454657804025,-0.05475082727631079
2025-10-29,0.6080235904975693,-0.13545649185913064,-0.08996120475710813,-0.09243915834964257,-0.07411955453654942
2025-10-30,0.4618030679424826,-0.15218610219501824,-0.13869248010536353,0.15944752076310992,0.08787082899402573
2025-10-31,0.6360051404716839,-0.15090690562579123,-0.138290668469304,-0.03146297367330074,-0.04333431175992027
2025-11-03,0.681921069236552,-0.1353721239244873,-0.147748727944522,-0.017952208802085694,-0.017005870092352986
2025-11-04,0.5001732566018209,-0.09813508002051974,-0.0959033156170231,0.19891899624990272,0.10686935151073368
2025-11-05,0.5508283158415674,-0.23519485525942035,-0.14114753416980352,0.06247675983253557,0.010352534896672934
2025-11-06,0.37425374153962526,-0.09137761782746959,-0.1089571993645386,0.2716965728997005,0.1537148683686661
2025-11-07,0.3749823899280028,-0.1385457377061481,-0.12044176337301818,0.2559515194253565,0.11007858956747435
2025-11-10,0.272289486243063,-0.3485407743639261,-0.24221456102306793,0.06053605122914573,-0.07641912714079735
2025-11-11,0.3298136827171863,-0.15330673150184881,-0.1551233508150566,0.2804811262694204,0.08127510869648795
2025-11-12,0.20347893090016744,-0.1662177901662345,-0.17357316680651505,0.34631886347931967,0.1104112486477634
2025-11-13,0.2513544803486883,-0.07989070004835469,-0.07914407945796886,0.37430615736151257,0.21530458278347564
2025-11-14,0.36343846399417823,-0.13489552710314273,-0.10963900802541271,0.2678590059564224,0.12416799492084388
2025-11-17,0.28221648749044387,-0.09211339772553863,-0.10113038741410159,0.32100490450499086,0.203534822864925
2025-11-18,0.15106362913182797,-0.11301989292690491,-0.11413142855370882,0.3883853335881068,0.23339971579945146
2025-11-19,0.22181444408494178,-0.15106808597933793,-0.1303699751639652,0.31512917513194,0.18161831963981515
2025-11-20,0.15828773463915907,-0.08173557321192595,-0.09264187102615815,0.40989323359113655,0.2574415875316203
2025-11-21,0.22331789471859825,-0.15880551806575433,-0.151232097597865,0.32091150320706563,0.1457329864107169
2025-11-24,0.11524524419891667,-0.30476188771384566,-0.27360970682823793,0.2063847501014225,0.09999841115757721
2025-11-25,0.24638123201749276,-0.23552207603561875,-0.21701482883591794,0.2613202318506986,0.039761631260272
2025-11-26,0.19464564214144012,-0.30406118511138147,-0.2898983877555709,0.18063312826024014,-0.030761656731367357
2025-11-28,0.06386669581366605,-0.3951810124266024,-0.3311264955994074,0.03803598388897929,-0.17178981227134485
2025-12-01,0.16250920665073104,-0.37075661152951134,-0.26655046880578853,0.16292855044749405,-0.03725516256647506
2025-12-02,0.2646591533721816,-0.2622054988275758,-0.2308432272839956,-0.11397829458774636,-0.12831382592850057
2025-12-03,0.2280224410926333,-0.2541463669153727,-0.25192638816251445,-0.0889807895079735,-0.1769240143215062
2025-12-04,0.20036423987079663,-0.294262280674149,-0.21310358481135191,-0.10179938787901785,-0.19047050676468466
